2026-06-11 15:43:54,248 INFO     73 data_sync_0 log path: /ragflow/logs/data_sync_0.log, log levels: {'peewee': 'WARNING', 'pdfminer': 'WARNING', 'root': 'INFO'}
2026-06-11 15:43:54,250 INFO     73 
  _____        _           _____
 |  __ \      | |         / ____|
 | |  | | __ _| |_ __ _  | (___  _   _ _ __   ___
 | |  | |/ _` | __/ _` |  \___ \| | | | '_ \ / __|
 | |__| | (_| | || (_| |  ____) | |_| | | | | (__
 |_____/ \__,_|\__\__,_| |_____/ \__, |_| |_|\___|
                                  __/ |
                                 |___/
    
2026-06-11 15:43:54,250 INFO     73 RAGFlow data sync version: v0.25.6
2026-06-11 15:43:54,250 INFO     73 Current configs, from /ragflow/conf/service_conf.yaml:
	ragflow: {'host': '0.0.0.0', 'http_port': 9380}
	admin: {'host': '0.0.0.0', 'http_port': 9381}
	mysql: {'name': 'rag_flow', 'user': 'root', 'password': '********', 'host': 'mysql', 'port': 3306, 'max_connections': 900, 'stale_timeout': 300, 'max_allowed_packet': 1073741824}
	minio: {'user': 'rag_flow', 'password': '********', 'host': 'minio:9000', 'bucket': '', 'prefix_path': ''}
	es: {'hosts': 'http://es01:9200', 'username': 'elastic', 'password': '********'}
	os: {'hosts': 'http://opensearch01:9201', 'username': 'admin', 'password': '********'}
	infinity: {'uri': 'infinity:23817', 'postgres_port': 5432, 'db_name': 'default_db'}
	oceanbase: {'scheme': 'oceanbase', 'config': {'db_name': 'ragflow_doc', 'user': 'root@ragflow', 'password': 'infini_rag_flow', 'host': 'oceanbase', 'port': 2881}}
	seekdb: {'scheme': 'oceanbase', 'config': {'db_name': 'ragflow_doc', 'user': 'root', 'password': 'infini_rag_flow', 'host': 'seekdb', 'port': 2881}}
	redis: {'db': 1, 'username': '', 'password': '********', 'host': 'redis:6379'}
	user_default_llm: {'default_models': {'embedding_model': {'api_key': 'xxx', 'base_url': 'http://tei:80'}}}
2026-06-11 15:43:54,261 INFO     73 GET http://es01:9200/ [status:200 duration:0.008s]
2026-06-11 15:43:54,264 INFO     73 HEAD http://es01:9200/ [status:200 duration:0.003s]
2026-06-11 15:43:54,265 INFO     73 Use Elasticsearch http://es01:9200 as the doc engine.
2026-06-11 15:43:54,265 INFO     73 Elasticsearch http://es01:9200 is healthy.
2026-06-11 15:43:54,265 INFO     73 Use Elasticsearch http://es01:9200 as the doc engine.
2026-06-11 15:43:54,266 INFO     73 Elasticsearch http://es01:9200 is healthy.
2026-06-11 15:43:54,269 WARNING  73 Load term.freq FAIL!
2026-06-11 15:44:14,551 INFO     317 data_sync_0 log path: /ragflow/logs/data_sync_0.log, log levels: {'peewee': 'WARNING', 'pdfminer': 'WARNING', 'root': 'INFO'}
2026-06-11 15:44:14,552 INFO     317 
  _____        _           _____
 |  __ \      | |         / ____|
 | |  | | __ _| |_ __ _  | (___  _   _ _ __   ___
 | |  | |/ _` | __/ _` |  \___ \| | | | '_ \ / __|
 | |__| | (_| | || (_| |  ____) | |_| | | | | (__
 |_____/ \__,_|\__\__,_| |_____/ \__, |_| |_|\___|
                                  __/ |
                                 |___/
    
2026-06-11 15:44:14,552 INFO     317 RAGFlow data sync version: v0.25.6
2026-06-11 15:44:14,553 INFO     317 Current configs, from /ragflow/conf/service_conf.yaml:
	ragflow: {'host': '0.0.0.0', 'http_port': 9380}
	admin: {'host': '0.0.0.0', 'http_port': 9381}
	mysql: {'name': 'rag_flow', 'user': 'root', 'password': '********', 'host': 'mysql', 'port': 3306, 'max_connections': 900, 'stale_timeout': 300, 'max_allowed_packet': 1073741824}
	minio: {'user': 'rag_flow', 'password': '********', 'host': 'minio:9000', 'bucket': '', 'prefix_path': ''}
	es: {'hosts': 'http://es01:9200', 'username': 'elastic', 'password': '********'}
	os: {'hosts': 'http://opensearch01:9201', 'username': 'admin', 'password': '********'}
	infinity: {'uri': 'infinity:23817', 'postgres_port': 5432, 'db_name': 'default_db'}
	oceanbase: {'scheme': 'oceanbase', 'config': {'db_name': 'ragflow_doc', 'user': 'root@ragflow', 'password': 'infini_rag_flow', 'host': 'oceanbase', 'port': 2881}}
	seekdb: {'scheme': 'oceanbase', 'config': {'db_name': 'ragflow_doc', 'user': 'root', 'password': 'infini_rag_flow', 'host': 'seekdb', 'port': 2881}}
	redis: {'db': 1, 'username': '', 'password': '********', 'host': 'redis:6379'}
	user_default_llm: {'default_models': {'embedding_model': {'api_key': 'xxx', 'base_url': 'http://tei:80'}}}
2026-06-11 15:44:14,562 INFO     317 GET http://es01:9200/ [status:200 duration:0.006s]
2026-06-11 15:44:14,565 INFO     317 HEAD http://es01:9200/ [status:200 duration:0.002s]
2026-06-11 15:44:14,565 INFO     317 Use Elasticsearch http://es01:9200 as the doc engine.
2026-06-11 15:44:14,565 INFO     317 Elasticsearch http://es01:9200 is healthy.
2026-06-11 15:44:14,566 INFO     317 Use Elasticsearch http://es01:9200 as the doc engine.
2026-06-11 15:44:14,567 INFO     317 Elasticsearch http://es01:9200 is healthy.
2026-06-11 15:44:14,569 WARNING  317 Load term.freq FAIL!
2026-06-11 15:44:53,704 INFO     66 data_sync_0 log path: /ragflow/logs/data_sync_0.log, log levels: {'peewee': 'WARNING', 'pdfminer': 'WARNING', 'root': 'INFO'}
2026-06-11 15:44:53,705 INFO     66 
  _____        _           _____
 |  __ \      | |         / ____|
 | |  | | __ _| |_ __ _  | (___  _   _ _ __   ___
 | |  | |/ _` | __/ _` |  \___ \| | | | '_ \ / __|
 | |__| | (_| | || (_| |  ____) | |_| | | | | (__
 |_____/ \__,_|\__\__,_| |_____/ \__, |_| |_|\___|
                                  __/ |
                                 |___/
    
2026-06-11 15:44:53,705 INFO     66 RAGFlow data sync version: v0.25.6
2026-06-11 15:44:53,706 INFO     66 Current configs, from /ragflow/conf/service_conf.yaml:
	ragflow: {'host': '0.0.0.0', 'http_port': 9380}
	admin: {'host': '0.0.0.0', 'http_port': 9381}
	mysql: {'name': 'rag_flow', 'user': 'root', 'password': '********', 'host': 'mysql', 'port': 3306, 'max_connections': 900, 'stale_timeout': 300, 'max_allowed_packet': 1073741824}
	minio: {'user': 'rag_flow', 'password': '********', 'host': 'minio:9000', 'bucket': '', 'prefix_path': ''}
	es: {'hosts': 'http://es01:9200', 'username': 'elastic', 'password': '********'}
	os: {'hosts': 'http://opensearch01:9201', 'username': 'admin', 'password': '********'}
	infinity: {'uri': 'infinity:23817', 'postgres_port': 5432, 'db_name': 'default_db'}
	oceanbase: {'scheme': 'oceanbase', 'config': {'db_name': 'ragflow_doc', 'user': 'root@ragflow', 'password': 'infini_rag_flow', 'host': 'oceanbase', 'port': 2881}}
	seekdb: {'scheme': 'oceanbase', 'config': {'db_name': 'ragflow_doc', 'user': 'root', 'password': 'infini_rag_flow', 'host': 'seekdb', 'port': 2881}}
	redis: {'db': 1, 'username': '', 'password': '********', 'host': 'redis:6379'}
	user_default_llm: {'default_models': {'embedding_model': {'api_key': 'xxx', 'base_url': 'http://tei:80'}}}
2026-06-11 15:44:53,713 INFO     66 GET http://es01:9200/ [status:200 duration:0.005s]
2026-06-11 15:44:53,715 INFO     66 HEAD http://es01:9200/ [status:200 duration:0.001s]
2026-06-11 15:44:53,716 INFO     66 Use Elasticsearch http://es01:9200 as the doc engine.
2026-06-11 15:44:53,716 INFO     66 Elasticsearch http://es01:9200 is healthy.
2026-06-11 15:44:53,717 INFO     66 Use Elasticsearch http://es01:9200 as the doc engine.
2026-06-11 15:44:53,717 INFO     66 Elasticsearch http://es01:9200 is healthy.
2026-06-11 15:44:53,720 WARNING  66 Load term.freq FAIL!
2026-06-11 15:45:17,305 INFO     297 data_sync_0 log path: /ragflow/logs/data_sync_0.log, log levels: {'peewee': 'WARNING', 'pdfminer': 'WARNING', 'root': 'INFO'}
2026-06-11 15:45:17,306 INFO     297 
  _____        _           _____
 |  __ \      | |         / ____|
 | |  | | __ _| |_ __ _  | (___  _   _ _ __   ___
 | |  | |/ _` | __/ _` |  \___ \| | | | '_ \ / __|
 | |__| | (_| | || (_| |  ____) | |_| | | | | (__
 |_____/ \__,_|\__\__,_| |_____/ \__, |_| |_|\___|
                                  __/ |
                                 |___/
    
2026-06-11 15:45:17,307 INFO     297 RAGFlow data sync version: v0.25.6
2026-06-11 15:45:17,307 INFO     297 Current configs, from /ragflow/conf/service_conf.yaml:
	ragflow: {'host': '0.0.0.0', 'http_port': 9380}
	admin: {'host': '0.0.0.0', 'http_port': 9381}
	mysql: {'name': 'rag_flow', 'user': 'root', 'password': '********', 'host': 'mysql', 'port': 3306, 'max_connections': 900, 'stale_timeout': 300, 'max_allowed_packet': 1073741824}
	minio: {'user': 'rag_flow', 'password': '********', 'host': 'minio:9000', 'bucket': '', 'prefix_path': ''}
	es: {'hosts': 'http://es01:9200', 'username': 'elastic', 'password': '********'}
	os: {'hosts': 'http://opensearch01:9201', 'username': 'admin', 'password': '********'}
	infinity: {'uri': 'infinity:23817', 'postgres_port': 5432, 'db_name': 'default_db'}
	oceanbase: {'scheme': 'oceanbase', 'config': {'db_name': 'ragflow_doc', 'user': 'root@ragflow', 'password': 'infini_rag_flow', 'host': 'oceanbase', 'port': 2881}}
	seekdb: {'scheme': 'oceanbase', 'config': {'db_name': 'ragflow_doc', 'user': 'root', 'password': 'infini_rag_flow', 'host': 'seekdb', 'port': 2881}}
	redis: {'db': 1, 'username': '', 'password': '********', 'host': 'redis:6379'}
	user_default_llm: {'default_models': {'embedding_model': {'api_key': 'xxx', 'base_url': 'http://tei:80'}}}
2026-06-11 15:45:17,315 INFO     297 GET http://es01:9200/ [status:200 duration:0.005s]
2026-06-11 15:45:17,318 INFO     297 HEAD http://es01:9200/ [status:200 duration:0.002s]
2026-06-11 15:45:17,319 INFO     297 Use Elasticsearch http://es01:9200 as the doc engine.
2026-06-11 15:45:17,320 INFO     297 Elasticsearch http://es01:9200 is healthy.
2026-06-11 15:45:17,320 INFO     297 Use Elasticsearch http://es01:9200 as the doc engine.
2026-06-11 15:45:17,321 INFO     297 Elasticsearch http://es01:9200 is healthy.
2026-06-11 15:45:17,324 WARNING  297 Load term.freq FAIL!
2026-06-11 15:45:41,439 INFO     434 data_sync_0 log path: /ragflow/logs/data_sync_0.log, log levels: {'peewee': 'WARNING', 'pdfminer': 'WARNING', 'root': 'INFO'}
2026-06-11 15:45:41,439 INFO     434 
  _____        _           _____
 |  __ \      | |         / ____|
 | |  | | __ _| |_ __ _  | (___  _   _ _ __   ___
 | |  | |/ _` | __/ _` |  \___ \| | | | '_ \ / __|
 | |__| | (_| | || (_| |  ____) | |_| | | | | (__
 |_____/ \__,_|\__\__,_| |_____/ \__, |_| |_|\___|
                                  __/ |
                                 |___/
    
2026-06-11 15:45:41,440 INFO     434 RAGFlow data sync version: v0.25.6
2026-06-11 15:45:41,440 INFO     434 Current configs, from /ragflow/conf/service_conf.yaml:
	ragflow: {'host': '0.0.0.0', 'http_port': 9380}
	admin: {'host': '0.0.0.0', 'http_port': 9381}
	mysql: {'name': 'rag_flow', 'user': 'root', 'password': '********', 'host': 'mysql', 'port': 3306, 'max_connections': 900, 'stale_timeout': 300, 'max_allowed_packet': 1073741824}
	minio: {'user': 'rag_flow', 'password': '********', 'host': 'minio:9000', 'bucket': '', 'prefix_path': ''}
	es: {'hosts': 'http://es01:9200', 'username': 'elastic', 'password': '********'}
	os: {'hosts': 'http://opensearch01:9201', 'username': 'admin', 'password': '********'}
	infinity: {'uri': 'infinity:23817', 'postgres_port': 5432, 'db_name': 'default_db'}
	oceanbase: {'scheme': 'oceanbase', 'config': {'db_name': 'ragflow_doc', 'user': 'root@ragflow', 'password': 'infini_rag_flow', 'host': 'oceanbase', 'port': 2881}}
	seekdb: {'scheme': 'oceanbase', 'config': {'db_name': 'ragflow_doc', 'user': 'root', 'password': 'infini_rag_flow', 'host': 'seekdb', 'port': 2881}}
	redis: {'db': 1, 'username': '', 'password': '********', 'host': 'redis:6379'}
	user_default_llm: {'default_models': {'embedding_model': {'api_key': 'xxx', 'base_url': 'http://tei:80'}}}
2026-06-11 15:45:41,449 INFO     434 GET http://es01:9200/ [status:200 duration:0.006s]
2026-06-11 15:45:41,452 INFO     434 HEAD http://es01:9200/ [status:200 duration:0.003s]
2026-06-11 15:45:41,453 INFO     434 Use Elasticsearch http://es01:9200 as the doc engine.
2026-06-11 15:45:41,453 INFO     434 Elasticsearch http://es01:9200 is healthy.
2026-06-11 15:45:41,454 INFO     434 Use Elasticsearch http://es01:9200 as the doc engine.
2026-06-11 15:45:41,454 INFO     434 Elasticsearch http://es01:9200 is healthy.
2026-06-11 15:45:41,457 WARNING  434 Load term.freq FAIL!
2026-06-11 15:46:05,133 INFO     508 data_sync_0 log path: /ragflow/logs/data_sync_0.log, log levels: {'peewee': 'WARNING', 'pdfminer': 'WARNING', 'root': 'INFO'}
2026-06-11 15:46:05,134 INFO     508 
  _____        _           _____
 |  __ \      | |         / ____|
 | |  | | __ _| |_ __ _  | (___  _   _ _ __   ___
 | |  | |/ _` | __/ _` |  \___ \| | | | '_ \ / __|
 | |__| | (_| | || (_| |  ____) | |_| | | | | (__
 |_____/ \__,_|\__\__,_| |_____/ \__, |_| |_|\___|
                                  __/ |
                                 |___/
    
2026-06-11 15:46:05,134 INFO     508 RAGFlow data sync version: v0.25.6
2026-06-11 15:46:05,135 INFO     508 Current configs, from /ragflow/conf/service_conf.yaml:
	ragflow: {'host': '0.0.0.0', 'http_port': 9380}
	admin: {'host': '0.0.0.0', 'http_port': 9381}
	mysql: {'name': 'rag_flow', 'user': 'root', 'password': '********', 'host': 'mysql', 'port': 3306, 'max_connections': 900, 'stale_timeout': 300, 'max_allowed_packet': 1073741824}
	minio: {'user': 'rag_flow', 'password': '********', 'host': 'minio:9000', 'bucket': '', 'prefix_path': ''}
	es: {'hosts': 'http://es01:9200', 'username': 'elastic', 'password': '********'}
	os: {'hosts': 'http://opensearch01:9201', 'username': 'admin', 'password': '********'}
	infinity: {'uri': 'infinity:23817', 'postgres_port': 5432, 'db_name': 'default_db'}
	oceanbase: {'scheme': 'oceanbase', 'config': {'db_name': 'ragflow_doc', 'user': 'root@ragflow', 'password': 'infini_rag_flow', 'host': 'oceanbase', 'port': 2881}}
	seekdb: {'scheme': 'oceanbase', 'config': {'db_name': 'ragflow_doc', 'user': 'root', 'password': 'infini_rag_flow', 'host': 'seekdb', 'port': 2881}}
	redis: {'db': 1, 'username': '', 'password': '********', 'host': 'redis:6379'}
	user_default_llm: {'default_models': {'embedding_model': {'api_key': 'xxx', 'base_url': 'http://tei:80'}}}
2026-06-11 15:46:05,141 INFO     508 GET http://es01:9200/ [status:200 duration:0.004s]
2026-06-11 15:46:05,144 INFO     508 HEAD http://es01:9200/ [status:200 duration:0.002s]
2026-06-11 15:46:05,144 INFO     508 Use Elasticsearch http://es01:9200 as the doc engine.
2026-06-11 15:46:05,145 INFO     508 Elasticsearch http://es01:9200 is healthy.
2026-06-11 15:46:05,145 INFO     508 Use Elasticsearch http://es01:9200 as the doc engine.
2026-06-11 15:46:05,146 INFO     508 Elasticsearch http://es01:9200 is healthy.
2026-06-11 15:46:05,149 WARNING  508 Load term.freq FAIL!
2026-06-11 15:46:28,456 INFO     610 data_sync_0 log path: /ragflow/logs/data_sync_0.log, log levels: {'peewee': 'WARNING', 'pdfminer': 'WARNING', 'root': 'INFO'}
2026-06-11 15:46:28,457 INFO     610 
  _____        _           _____
 |  __ \      | |         / ____|
 | |  | | __ _| |_ __ _  | (___  _   _ _ __   ___
 | |  | |/ _` | __/ _` |  \___ \| | | | '_ \ / __|
 | |__| | (_| | || (_| |  ____) | |_| | | | | (__
 |_____/ \__,_|\__\__,_| |_____/ \__, |_| |_|\___|
                                  __/ |
                                 |___/
    
2026-06-11 15:46:28,457 INFO     610 RAGFlow data sync version: v0.25.6
2026-06-11 15:46:28,458 INFO     610 Current configs, from /ragflow/conf/service_conf.yaml:
	ragflow: {'host': '0.0.0.0', 'http_port': 9380}
	admin: {'host': '0.0.0.0', 'http_port': 9381}
	mysql: {'name': 'rag_flow', 'user': 'root', 'password': '********', 'host': 'mysql', 'port': 3306, 'max_connections': 900, 'stale_timeout': 300, 'max_allowed_packet': 1073741824}
	minio: {'user': 'rag_flow', 'password': '********', 'host': 'minio:9000', 'bucket': '', 'prefix_path': ''}
	es: {'hosts': 'http://es01:9200', 'username': 'elastic', 'password': '********'}
	os: {'hosts': 'http://opensearch01:9201', 'username': 'admin', 'password': '********'}
	infinity: {'uri': 'infinity:23817', 'postgres_port': 5432, 'db_name': 'default_db'}
	oceanbase: {'scheme': 'oceanbase', 'config': {'db_name': 'ragflow_doc', 'user': 'root@ragflow', 'password': 'infini_rag_flow', 'host': 'oceanbase', 'port': 2881}}
	seekdb: {'scheme': 'oceanbase', 'config': {'db_name': 'ragflow_doc', 'user': 'root', 'password': 'infini_rag_flow', 'host': 'seekdb', 'port': 2881}}
	redis: {'db': 1, 'username': '', 'password': '********', 'host': 'redis:6379'}
	user_default_llm: {'default_models': {'embedding_model': {'api_key': 'xxx', 'base_url': 'http://tei:80'}}}
2026-06-11 15:46:28,466 INFO     610 GET http://es01:9200/ [status:200 duration:0.005s]
2026-06-11 15:46:28,468 INFO     610 HEAD http://es01:9200/ [status:200 duration:0.002s]
2026-06-11 15:46:28,469 INFO     610 Use Elasticsearch http://es01:9200 as the doc engine.
2026-06-11 15:46:28,469 INFO     610 Elasticsearch http://es01:9200 is healthy.
2026-06-11 15:46:28,470 INFO     610 Use Elasticsearch http://es01:9200 as the doc engine.
2026-06-11 15:46:28,470 INFO     610 Elasticsearch http://es01:9200 is healthy.
2026-06-11 15:46:28,473 WARNING  610 Load term.freq FAIL!
2026-06-11 15:46:52,192 INFO     745 data_sync_0 log path: /ragflow/logs/data_sync_0.log, log levels: {'peewee': 'WARNING', 'pdfminer': 'WARNING', 'root': 'INFO'}
2026-06-11 15:46:52,193 INFO     745 
  _____        _           _____
 |  __ \      | |         / ____|
 | |  | | __ _| |_ __ _  | (___  _   _ _ __   ___
 | |  | |/ _` | __/ _` |  \___ \| | | | '_ \ / __|
 | |__| | (_| | || (_| |  ____) | |_| | | | | (__
 |_____/ \__,_|\__\__,_| |_____/ \__, |_| |_|\___|
                                  __/ |
                                 |___/
    
2026-06-11 15:46:52,193 INFO     745 RAGFlow data sync version: v0.25.6
2026-06-11 15:46:52,194 INFO     745 Current configs, from /ragflow/conf/service_conf.yaml:
	ragflow: {'host': '0.0.0.0', 'http_port': 9380}
	admin: {'host': '0.0.0.0', 'http_port': 9381}
	mysql: {'name': 'rag_flow', 'user': 'root', 'password': '********', 'host': 'mysql', 'port': 3306, 'max_connections': 900, 'stale_timeout': 300, 'max_allowed_packet': 1073741824}
	minio: {'user': 'rag_flow', 'password': '********', 'host': 'minio:9000', 'bucket': '', 'prefix_path': ''}
	es: {'hosts': 'http://es01:9200', 'username': 'elastic', 'password': '********'}
	os: {'hosts': 'http://opensearch01:9201', 'username': 'admin', 'password': '********'}
	infinity: {'uri': 'infinity:23817', 'postgres_port': 5432, 'db_name': 'default_db'}
	oceanbase: {'scheme': 'oceanbase', 'config': {'db_name': 'ragflow_doc', 'user': 'root@ragflow', 'password': 'infini_rag_flow', 'host': 'oceanbase', 'port': 2881}}
	seekdb: {'scheme': 'oceanbase', 'config': {'db_name': 'ragflow_doc', 'user': 'root', 'password': 'infini_rag_flow', 'host': 'seekdb', 'port': 2881}}
	redis: {'db': 1, 'username': '', 'password': '********', 'host': 'redis:6379'}
	user_default_llm: {'default_models': {'embedding_model': {'api_key': 'xxx', 'base_url': 'http://tei:80'}}}
2026-06-11 15:46:52,202 INFO     745 GET http://es01:9200/ [status:200 duration:0.005s]
2026-06-11 15:46:52,205 INFO     745 HEAD http://es01:9200/ [status:200 duration:0.002s]
2026-06-11 15:46:52,205 INFO     745 Use Elasticsearch http://es01:9200 as the doc engine.
2026-06-11 15:46:52,206 INFO     745 Elasticsearch http://es01:9200 is healthy.
2026-06-11 15:46:52,206 INFO     745 Use Elasticsearch http://es01:9200 as the doc engine.
2026-06-11 15:46:52,207 INFO     745 Elasticsearch http://es01:9200 is healthy.
2026-06-11 15:46:52,209 WARNING  745 Load term.freq FAIL!
2026-06-11 15:47:16,891 INFO     882 data_sync_0 log path: /ragflow/logs/data_sync_0.log, log levels: {'peewee': 'WARNING', 'pdfminer': 'WARNING', 'root': 'INFO'}
2026-06-11 15:47:16,892 INFO     882 
  _____        _           _____
 |  __ \      | |         / ____|
 | |  | | __ _| |_ __ _  | (___  _   _ _ __   ___
 | |  | |/ _` | __/ _` |  \___ \| | | | '_ \ / __|
 | |__| | (_| | || (_| |  ____) | |_| | | | | (__
 |_____/ \__,_|\__\__,_| |_____/ \__, |_| |_|\___|
                                  __/ |
                                 |___/
    
2026-06-11 15:47:16,892 INFO     882 RAGFlow data sync version: v0.25.6
2026-06-11 15:47:16,893 INFO     882 Current configs, from /ragflow/conf/service_conf.yaml:
	ragflow: {'host': '0.0.0.0', 'http_port': 9380}
	admin: {'host': '0.0.0.0', 'http_port': 9381}
	mysql: {'name': 'rag_flow', 'user': 'root', 'password': '********', 'host': 'mysql', 'port': 3306, 'max_connections': 900, 'stale_timeout': 300, 'max_allowed_packet': 1073741824}
	minio: {'user': 'rag_flow', 'password': '********', 'host': 'minio:9000', 'bucket': '', 'prefix_path': ''}
	es: {'hosts': 'http://es01:9200', 'username': 'elastic', 'password': '********'}
	os: {'hosts': 'http://opensearch01:9201', 'username': 'admin', 'password': '********'}
	infinity: {'uri': 'infinity:23817', 'postgres_port': 5432, 'db_name': 'default_db'}
	oceanbase: {'scheme': 'oceanbase', 'config': {'db_name': 'ragflow_doc', 'user': 'root@ragflow', 'password': 'infini_rag_flow', 'host': 'oceanbase', 'port': 2881}}
	seekdb: {'scheme': 'oceanbase', 'config': {'db_name': 'ragflow_doc', 'user': 'root', 'password': 'infini_rag_flow', 'host': 'seekdb', 'port': 2881}}
	redis: {'db': 1, 'username': '', 'password': '********', 'host': 'redis:6379'}
	user_default_llm: {'default_models': {'embedding_model': {'api_key': 'xxx', 'base_url': 'http://tei:80'}}}
2026-06-11 15:47:16,899 INFO     882 GET http://es01:9200/ [status:200 duration:0.004s]
2026-06-11 15:47:16,902 INFO     882 HEAD http://es01:9200/ [status:200 duration:0.002s]
2026-06-11 15:47:16,902 INFO     882 Use Elasticsearch http://es01:9200 as the doc engine.
2026-06-11 15:47:16,903 INFO     882 Elasticsearch http://es01:9200 is healthy.
2026-06-11 15:47:16,904 INFO     882 Use Elasticsearch http://es01:9200 as the doc engine.
2026-06-11 15:47:16,904 INFO     882 Elasticsearch http://es01:9200 is healthy.
2026-06-11 15:47:16,908 WARNING  882 Load term.freq FAIL!
2026-06-11 15:47:41,237 INFO     957 data_sync_0 log path: /ragflow/logs/data_sync_0.log, log levels: {'peewee': 'WARNING', 'pdfminer': 'WARNING', 'root': 'INFO'}
2026-06-11 15:47:41,238 INFO     957 
  _____        _           _____
 |  __ \      | |         / ____|
 | |  | | __ _| |_ __ _  | (___  _   _ _ __   ___
 | |  | |/ _` | __/ _` |  \___ \| | | | '_ \ / __|
 | |__| | (_| | || (_| |  ____) | |_| | | | | (__
 |_____/ \__,_|\__\__,_| |_____/ \__, |_| |_|\___|
                                  __/ |
                                 |___/
    
2026-06-11 15:47:41,238 INFO     957 RAGFlow data sync version: v0.25.6
2026-06-11 15:47:41,239 INFO     957 Current configs, from /ragflow/conf/service_conf.yaml:
	ragflow: {'host': '0.0.0.0', 'http_port': 9380}
	admin: {'host': '0.0.0.0', 'http_port': 9381}
	mysql: {'name': 'rag_flow', 'user': 'root', 'password': '********', 'host': 'mysql', 'port': 3306, 'max_connections': 900, 'stale_timeout': 300, 'max_allowed_packet': 1073741824}
	minio: {'user': 'rag_flow', 'password': '********', 'host': 'minio:9000', 'bucket': '', 'prefix_path': ''}
	es: {'hosts': 'http://es01:9200', 'username': 'elastic', 'password': '********'}
	os: {'hosts': 'http://opensearch01:9201', 'username': 'admin', 'password': '********'}
	infinity: {'uri': 'infinity:23817', 'postgres_port': 5432, 'db_name': 'default_db'}
	oceanbase: {'scheme': 'oceanbase', 'config': {'db_name': 'ragflow_doc', 'user': 'root@ragflow', 'password': 'infini_rag_flow', 'host': 'oceanbase', 'port': 2881}}
	seekdb: {'scheme': 'oceanbase', 'config': {'db_name': 'ragflow_doc', 'user': 'root', 'password': 'infini_rag_flow', 'host': 'seekdb', 'port': 2881}}
	redis: {'db': 1, 'username': '', 'password': '********', 'host': 'redis:6379'}
	user_default_llm: {'default_models': {'embedding_model': {'api_key': 'xxx', 'base_url': 'http://tei:80'}}}
2026-06-11 15:47:41,245 INFO     957 GET http://es01:9200/ [status:200 duration:0.004s]
2026-06-11 15:47:41,247 INFO     957 HEAD http://es01:9200/ [status:200 duration:0.001s]
2026-06-11 15:47:41,247 INFO     957 Use Elasticsearch http://es01:9200 as the doc engine.
2026-06-11 15:47:41,248 INFO     957 Elasticsearch http://es01:9200 is healthy.
2026-06-11 15:47:41,248 INFO     957 Use Elasticsearch http://es01:9200 as the doc engine.
2026-06-11 15:47:41,248 INFO     957 Elasticsearch http://es01:9200 is healthy.
2026-06-11 15:47:41,251 WARNING  957 Load term.freq FAIL!
2026-06-11 15:48:04,512 INFO     1059 data_sync_0 log path: /ragflow/logs/data_sync_0.log, log levels: {'peewee': 'WARNING', 'pdfminer': 'WARNING', 'root': 'INFO'}
2026-06-11 15:48:04,513 INFO     1059 
  _____        _           _____
 |  __ \      | |         / ____|
 | |  | | __ _| |_ __ _  | (___  _   _ _ __   ___
 | |  | |/ _` | __/ _` |  \___ \| | | | '_ \ / __|
 | |__| | (_| | || (_| |  ____) | |_| | | | | (__
 |_____/ \__,_|\__\__,_| |_____/ \__, |_| |_|\___|
                                  __/ |
                                 |___/
    
2026-06-11 15:48:04,513 INFO     1059 RAGFlow data sync version: v0.25.6
2026-06-11 15:48:04,514 INFO     1059 Current configs, from /ragflow/conf/service_conf.yaml:
	ragflow: {'host': '0.0.0.0', 'http_port': 9380}
	admin: {'host': '0.0.0.0', 'http_port': 9381}
	mysql: {'name': 'rag_flow', 'user': 'root', 'password': '********', 'host': 'mysql', 'port': 3306, 'max_connections': 900, 'stale_timeout': 300, 'max_allowed_packet': 1073741824}
	minio: {'user': 'rag_flow', 'password': '********', 'host': 'minio:9000', 'bucket': '', 'prefix_path': ''}
	es: {'hosts': 'http://es01:9200', 'username': 'elastic', 'password': '********'}
	os: {'hosts': 'http://opensearch01:9201', 'username': 'admin', 'password': '********'}
	infinity: {'uri': 'infinity:23817', 'postgres_port': 5432, 'db_name': 'default_db'}
	oceanbase: {'scheme': 'oceanbase', 'config': {'db_name': 'ragflow_doc', 'user': 'root@ragflow', 'password': 'infini_rag_flow', 'host': 'oceanbase', 'port': 2881}}
	seekdb: {'scheme': 'oceanbase', 'config': {'db_name': 'ragflow_doc', 'user': 'root', 'password': 'infini_rag_flow', 'host': 'seekdb', 'port': 2881}}
	redis: {'db': 1, 'username': '', 'password': '********', 'host': 'redis:6379'}
	user_default_llm: {'default_models': {'embedding_model': {'api_key': 'xxx', 'base_url': 'http://tei:80'}}}
2026-06-11 15:48:04,522 INFO     1059 GET http://es01:9200/ [status:200 duration:0.005s]
2026-06-11 15:48:04,524 INFO     1059 HEAD http://es01:9200/ [status:200 duration:0.002s]
2026-06-11 15:48:04,525 INFO     1059 Use Elasticsearch http://es01:9200 as the doc engine.
2026-06-11 15:48:04,526 INFO     1059 Elasticsearch http://es01:9200 is healthy.
2026-06-11 15:48:04,526 INFO     1059 Use Elasticsearch http://es01:9200 as the doc engine.
2026-06-11 15:48:04,526 INFO     1059 Elasticsearch http://es01:9200 is healthy.
2026-06-11 15:48:04,529 WARNING  1059 Load term.freq FAIL!
2026-06-11 15:48:27,882 INFO     1193 data_sync_0 log path: /ragflow/logs/data_sync_0.log, log levels: {'peewee': 'WARNING', 'pdfminer': 'WARNING', 'root': 'INFO'}
2026-06-11 15:48:27,883 INFO     1193 
  _____        _           _____
 |  __ \      | |         / ____|
 | |  | | __ _| |_ __ _  | (___  _   _ _ __   ___
 | |  | |/ _` | __/ _` |  \___ \| | | | '_ \ / __|
 | |__| | (_| | || (_| |  ____) | |_| | | | | (__
 |_____/ \__,_|\__\__,_| |_____/ \__, |_| |_|\___|
                                  __/ |
                                 |___/
    
2026-06-11 15:48:27,883 INFO     1193 RAGFlow data sync version: v0.25.6
2026-06-11 15:48:27,884 INFO     1193 Current configs, from /ragflow/conf/service_conf.yaml:
	ragflow: {'host': '0.0.0.0', 'http_port': 9380}
	admin: {'host': '0.0.0.0', 'http_port': 9381}
	mysql: {'name': 'rag_flow', 'user': 'root', 'password': '********', 'host': 'mysql', 'port': 3306, 'max_connections': 900, 'stale_timeout': 300, 'max_allowed_packet': 1073741824}
	minio: {'user': 'rag_flow', 'password': '********', 'host': 'minio:9000', 'bucket': '', 'prefix_path': ''}
	es: {'hosts': 'http://es01:9200', 'username': 'elastic', 'password': '********'}
	os: {'hosts': 'http://opensearch01:9201', 'username': 'admin', 'password': '********'}
	infinity: {'uri': 'infinity:23817', 'postgres_port': 5432, 'db_name': 'default_db'}
	oceanbase: {'scheme': 'oceanbase', 'config': {'db_name': 'ragflow_doc', 'user': 'root@ragflow', 'password': 'infini_rag_flow', 'host': 'oceanbase', 'port': 2881}}
	seekdb: {'scheme': 'oceanbase', 'config': {'db_name': 'ragflow_doc', 'user': 'root', 'password': 'infini_rag_flow', 'host': 'seekdb', 'port': 2881}}
	redis: {'db': 1, 'username': '', 'password': '********', 'host': 'redis:6379'}
	user_default_llm: {'default_models': {'embedding_model': {'api_key': 'xxx', 'base_url': 'http://tei:80'}}}
2026-06-11 15:48:27,891 INFO     1193 GET http://es01:9200/ [status:200 duration:0.005s]
2026-06-11 15:48:27,894 INFO     1193 HEAD http://es01:9200/ [status:200 duration:0.002s]
2026-06-11 15:48:27,894 INFO     1193 Use Elasticsearch http://es01:9200 as the doc engine.
2026-06-11 15:48:27,895 INFO     1193 Elasticsearch http://es01:9200 is healthy.
2026-06-11 15:48:27,895 INFO     1193 Use Elasticsearch http://es01:9200 as the doc engine.
2026-06-11 15:48:27,896 INFO     1193 Elasticsearch http://es01:9200 is healthy.
2026-06-11 15:48:27,898 WARNING  1193 Load term.freq FAIL!
2026-06-11 15:48:52,576 INFO     1330 data_sync_0 log path: /ragflow/logs/data_sync_0.log, log levels: {'peewee': 'WARNING', 'pdfminer': 'WARNING', 'root': 'INFO'}
2026-06-11 15:48:52,577 INFO     1330 
  _____        _           _____
 |  __ \      | |         / ____|
 | |  | | __ _| |_ __ _  | (___  _   _ _ __   ___
 | |  | |/ _` | __/ _` |  \___ \| | | | '_ \ / __|
 | |__| | (_| | || (_| |  ____) | |_| | | | | (__
 |_____/ \__,_|\__\__,_| |_____/ \__, |_| |_|\___|
                                  __/ |
                                 |___/
    
2026-06-11 15:48:52,577 INFO     1330 RAGFlow data sync version: v0.25.6
2026-06-11 15:48:52,577 INFO     1330 Current configs, from /ragflow/conf/service_conf.yaml:
	ragflow: {'host': '0.0.0.0', 'http_port': 9380}
	admin: {'host': '0.0.0.0', 'http_port': 9381}
	mysql: {'name': 'rag_flow', 'user': 'root', 'password': '********', 'host': 'mysql', 'port': 3306, 'max_connections': 900, 'stale_timeout': 300, 'max_allowed_packet': 1073741824}
	minio: {'user': 'rag_flow', 'password': '********', 'host': 'minio:9000', 'bucket': '', 'prefix_path': ''}
	es: {'hosts': 'http://es01:9200', 'username': 'elastic', 'password': '********'}
	os: {'hosts': 'http://opensearch01:9201', 'username': 'admin', 'password': '********'}
	infinity: {'uri': 'infinity:23817', 'postgres_port': 5432, 'db_name': 'default_db'}
	oceanbase: {'scheme': 'oceanbase', 'config': {'db_name': 'ragflow_doc', 'user': 'root@ragflow', 'password': 'infini_rag_flow', 'host': 'oceanbase', 'port': 2881}}
	seekdb: {'scheme': 'oceanbase', 'config': {'db_name': 'ragflow_doc', 'user': 'root', 'password': 'infini_rag_flow', 'host': 'seekdb', 'port': 2881}}
	redis: {'db': 1, 'username': '', 'password': '********', 'host': 'redis:6379'}
	user_default_llm: {'default_models': {'embedding_model': {'api_key': 'xxx', 'base_url': 'http://tei:80'}}}
2026-06-11 15:48:52,587 INFO     1330 GET http://es01:9200/ [status:200 duration:0.005s]
2026-06-11 15:48:52,590 INFO     1330 HEAD http://es01:9200/ [status:200 duration:0.003s]
2026-06-11 15:48:52,591 INFO     1330 Use Elasticsearch http://es01:9200 as the doc engine.
2026-06-11 15:48:52,591 INFO     1330 Elasticsearch http://es01:9200 is healthy.
2026-06-11 15:48:52,592 INFO     1330 Use Elasticsearch http://es01:9200 as the doc engine.
2026-06-11 15:48:52,592 INFO     1330 Elasticsearch http://es01:9200 is healthy.
2026-06-11 15:48:52,596 WARNING  1330 Load term.freq FAIL!
2026-06-11 15:49:12,257 INFO     1404 data_sync_0 log path: /ragflow/logs/data_sync_0.log, log levels: {'peewee': 'WARNING', 'pdfminer': 'WARNING', 'root': 'INFO'}
2026-06-11 15:49:12,258 INFO     1404 
  _____        _           _____
 |  __ \      | |         / ____|
 | |  | | __ _| |_ __ _  | (___  _   _ _ __   ___
 | |  | |/ _` | __/ _` |  \___ \| | | | '_ \ / __|
 | |__| | (_| | || (_| |  ____) | |_| | | | | (__
 |_____/ \__,_|\__\__,_| |_____/ \__, |_| |_|\___|
                                  __/ |
                                 |___/
    
2026-06-11 15:49:12,258 INFO     1404 RAGFlow data sync version: v0.25.6
2026-06-11 15:49:12,258 INFO     1404 Current configs, from /ragflow/conf/service_conf.yaml:
	ragflow: {'host': '0.0.0.0', 'http_port': 9380}
	admin: {'host': '0.0.0.0', 'http_port': 9381}
	mysql: {'name': 'rag_flow', 'user': 'root', 'password': '********', 'host': 'mysql', 'port': 3306, 'max_connections': 900, 'stale_timeout': 300, 'max_allowed_packet': 1073741824}
	minio: {'user': 'rag_flow', 'password': '********', 'host': 'minio:9000', 'bucket': '', 'prefix_path': ''}
	es: {'hosts': 'http://es01:9200', 'username': 'elastic', 'password': '********'}
	os: {'hosts': 'http://opensearch01:9201', 'username': 'admin', 'password': '********'}
	infinity: {'uri': 'infinity:23817', 'postgres_port': 5432, 'db_name': 'default_db'}
	oceanbase: {'scheme': 'oceanbase', 'config': {'db_name': 'ragflow_doc', 'user': 'root@ragflow', 'password': 'infini_rag_flow', 'host': 'oceanbase', 'port': 2881}}
	seekdb: {'scheme': 'oceanbase', 'config': {'db_name': 'ragflow_doc', 'user': 'root', 'password': 'infini_rag_flow', 'host': 'seekdb', 'port': 2881}}
	redis: {'db': 1, 'username': '', 'password': '********', 'host': 'redis:6379'}
	user_default_llm: {'default_models': {'embedding_model': {'api_key': 'xxx', 'base_url': 'http://tei:80'}}}
2026-06-11 15:49:12,266 INFO     1404 GET http://es01:9200/ [status:200 duration:0.005s]
2026-06-11 15:49:12,269 INFO     1404 HEAD http://es01:9200/ [status:200 duration:0.002s]
2026-06-11 15:49:12,269 INFO     1404 Use Elasticsearch http://es01:9200 as the doc engine.
2026-06-11 15:49:12,270 INFO     1404 Elasticsearch http://es01:9200 is healthy.
2026-06-11 15:49:12,270 INFO     1404 Use Elasticsearch http://es01:9200 as the doc engine.
2026-06-11 15:49:12,271 INFO     1404 Elasticsearch http://es01:9200 is healthy.
2026-06-11 15:49:12,274 WARNING  1404 Load term.freq FAIL!
2026-06-11 15:49:31,701 INFO     1504 data_sync_0 log path: /ragflow/logs/data_sync_0.log, log levels: {'peewee': 'WARNING', 'pdfminer': 'WARNING', 'root': 'INFO'}
2026-06-11 15:49:31,702 INFO     1504 
  _____        _           _____
 |  __ \      | |         / ____|
 | |  | | __ _| |_ __ _  | (___  _   _ _ __   ___
 | |  | |/ _` | __/ _` |  \___ \| | | | '_ \ / __|
 | |__| | (_| | || (_| |  ____) | |_| | | | | (__
 |_____/ \__,_|\__\__,_| |_____/ \__, |_| |_|\___|
                                  __/ |
                                 |___/
    
2026-06-11 15:49:31,703 INFO     1504 RAGFlow data sync version: v0.25.6
2026-06-11 15:49:31,703 INFO     1504 Current configs, from /ragflow/conf/service_conf.yaml:
	ragflow: {'host': '0.0.0.0', 'http_port': 9380}
	admin: {'host': '0.0.0.0', 'http_port': 9381}
	mysql: {'name': 'rag_flow', 'user': 'root', 'password': '********', 'host': 'mysql', 'port': 3306, 'max_connections': 900, 'stale_timeout': 300, 'max_allowed_packet': 1073741824}
	minio: {'user': 'rag_flow', 'password': '********', 'host': 'minio:9000', 'bucket': '', 'prefix_path': ''}
	es: {'hosts': 'http://es01:9200', 'username': 'elastic', 'password': '********'}
	os: {'hosts': 'http://opensearch01:9201', 'username': 'admin', 'password': '********'}
	infinity: {'uri': 'infinity:23817', 'postgres_port': 5432, 'db_name': 'default_db'}
	oceanbase: {'scheme': 'oceanbase', 'config': {'db_name': 'ragflow_doc', 'user': 'root@ragflow', 'password': 'infini_rag_flow', 'host': 'oceanbase', 'port': 2881}}
	seekdb: {'scheme': 'oceanbase', 'config': {'db_name': 'ragflow_doc', 'user': 'root', 'password': 'infini_rag_flow', 'host': 'seekdb', 'port': 2881}}
	redis: {'db': 1, 'username': '', 'password': '********', 'host': 'redis:6379'}
	user_default_llm: {'default_models': {'embedding_model': {'api_key': 'xxx', 'base_url': 'http://tei:80'}}}
2026-06-11 15:49:31,710 INFO     1504 GET http://es01:9200/ [status:200 duration:0.005s]
2026-06-11 15:49:31,711 INFO     1504 HEAD http://es01:9200/ [status:200 duration:0.001s]
2026-06-11 15:49:31,712 INFO     1504 Use Elasticsearch http://es01:9200 as the doc engine.
2026-06-11 15:49:31,712 INFO     1504 Elasticsearch http://es01:9200 is healthy.
2026-06-11 15:49:31,713 INFO     1504 Use Elasticsearch http://es01:9200 as the doc engine.
2026-06-11 15:49:31,713 INFO     1504 Elasticsearch http://es01:9200 is healthy.
2026-06-11 15:49:31,716 WARNING  1504 Load term.freq FAIL!
2026-06-11 15:49:51,083 INFO     1641 data_sync_0 log path: /ragflow/logs/data_sync_0.log, log levels: {'peewee': 'WARNING', 'pdfminer': 'WARNING', 'root': 'INFO'}
2026-06-11 15:49:51,084 INFO     1641 
  _____        _           _____
 |  __ \      | |         / ____|
 | |  | | __ _| |_ __ _  | (___  _   _ _ __   ___
 | |  | |/ _` | __/ _` |  \___ \| | | | '_ \ / __|
 | |__| | (_| | || (_| |  ____) | |_| | | | | (__
 |_____/ \__,_|\__\__,_| |_____/ \__, |_| |_|\___|
                                  __/ |
                                 |___/
    
2026-06-11 15:49:51,084 INFO     1641 RAGFlow data sync version: v0.25.6
2026-06-11 15:49:51,085 INFO     1641 Current configs, from /ragflow/conf/service_conf.yaml:
	ragflow: {'host': '0.0.0.0', 'http_port': 9380}
	admin: {'host': '0.0.0.0', 'http_port': 9381}
	mysql: {'name': 'rag_flow', 'user': 'root', 'password': '********', 'host': 'mysql', 'port': 3306, 'max_connections': 900, 'stale_timeout': 300, 'max_allowed_packet': 1073741824}
	minio: {'user': 'rag_flow', 'password': '********', 'host': 'minio:9000', 'bucket': '', 'prefix_path': ''}
	es: {'hosts': 'http://es01:9200', 'username': 'elastic', 'password': '********'}
	os: {'hosts': 'http://opensearch01:9201', 'username': 'admin', 'password': '********'}
	infinity: {'uri': 'infinity:23817', 'postgres_port': 5432, 'db_name': 'default_db'}
	oceanbase: {'scheme': 'oceanbase', 'config': {'db_name': 'ragflow_doc', 'user': 'root@ragflow', 'password': 'infini_rag_flow', 'host': 'oceanbase', 'port': 2881}}
	seekdb: {'scheme': 'oceanbase', 'config': {'db_name': 'ragflow_doc', 'user': 'root', 'password': 'infini_rag_flow', 'host': 'seekdb', 'port': 2881}}
	redis: {'db': 1, 'username': '', 'password': '********', 'host': 'redis:6379'}
	user_default_llm: {'default_models': {'embedding_model': {'api_key': 'xxx', 'base_url': 'http://tei:80'}}}
2026-06-11 15:49:51,092 INFO     1641 GET http://es01:9200/ [status:200 duration:0.004s]
2026-06-11 15:49:51,094 INFO     1641 HEAD http://es01:9200/ [status:200 duration:0.001s]
2026-06-11 15:49:51,094 INFO     1641 Use Elasticsearch http://es01:9200 as the doc engine.
2026-06-11 15:49:51,095 INFO     1641 Elasticsearch http://es01:9200 is healthy.
2026-06-11 15:49:51,095 INFO     1641 Use Elasticsearch http://es01:9200 as the doc engine.
2026-06-11 15:49:51,095 INFO     1641 Elasticsearch http://es01:9200 is healthy.
2026-06-11 15:49:51,098 WARNING  1641 Load term.freq FAIL!
2026-06-11 15:50:10,879 INFO     1715 data_sync_0 log path: /ragflow/logs/data_sync_0.log, log levels: {'peewee': 'WARNING', 'pdfminer': 'WARNING', 'root': 'INFO'}
2026-06-11 15:50:10,880 INFO     1715 
  _____        _           _____
 |  __ \      | |         / ____|
 | |  | | __ _| |_ __ _  | (___  _   _ _ __   ___
 | |  | |/ _` | __/ _` |  \___ \| | | | '_ \ / __|
 | |__| | (_| | || (_| |  ____) | |_| | | | | (__
 |_____/ \__,_|\__\__,_| |_____/ \__, |_| |_|\___|
                                  __/ |
                                 |___/
    
2026-06-11 15:50:10,880 INFO     1715 RAGFlow data sync version: v0.25.6
2026-06-11 15:50:10,881 INFO     1715 Current configs, from /ragflow/conf/service_conf.yaml:
	ragflow: {'host': '0.0.0.0', 'http_port': 9380}
	admin: {'host': '0.0.0.0', 'http_port': 9381}
	mysql: {'name': 'rag_flow', 'user': 'root', 'password': '********', 'host': 'mysql', 'port': 3306, 'max_connections': 900, 'stale_timeout': 300, 'max_allowed_packet': 1073741824}
	minio: {'user': 'rag_flow', 'password': '********', 'host': 'minio:9000', 'bucket': '', 'prefix_path': ''}
	es: {'hosts': 'http://es01:9200', 'username': 'elastic', 'password': '********'}
	os: {'hosts': 'http://opensearch01:9201', 'username': 'admin', 'password': '********'}
	infinity: {'uri': 'infinity:23817', 'postgres_port': 5432, 'db_name': 'default_db'}
	oceanbase: {'scheme': 'oceanbase', 'config': {'db_name': 'ragflow_doc', 'user': 'root@ragflow', 'password': 'infini_rag_flow', 'host': 'oceanbase', 'port': 2881}}
	seekdb: {'scheme': 'oceanbase', 'config': {'db_name': 'ragflow_doc', 'user': 'root', 'password': 'infini_rag_flow', 'host': 'seekdb', 'port': 2881}}
	redis: {'db': 1, 'username': '', 'password': '********', 'host': 'redis:6379'}
	user_default_llm: {'default_models': {'embedding_model': {'api_key': 'xxx', 'base_url': 'http://tei:80'}}}
2026-06-11 15:50:10,887 INFO     1715 GET http://es01:9200/ [status:200 duration:0.004s]
2026-06-11 15:50:10,889 INFO     1715 HEAD http://es01:9200/ [status:200 duration:0.002s]
2026-06-11 15:50:10,890 INFO     1715 Use Elasticsearch http://es01:9200 as the doc engine.
2026-06-11 15:50:10,890 INFO     1715 Elasticsearch http://es01:9200 is healthy.
2026-06-11 15:50:10,890 INFO     1715 Use Elasticsearch http://es01:9200 as the doc engine.
2026-06-11 15:50:10,891 INFO     1715 Elasticsearch http://es01:9200 is healthy.
2026-06-11 15:50:10,894 WARNING  1715 Load term.freq FAIL!
2026-06-11 15:50:30,154 INFO     1815 data_sync_0 log path: /ragflow/logs/data_sync_0.log, log levels: {'peewee': 'WARNING', 'pdfminer': 'WARNING', 'root': 'INFO'}
2026-06-11 15:50:30,154 INFO     1815 
  _____        _           _____
 |  __ \      | |         / ____|
 | |  | | __ _| |_ __ _  | (___  _   _ _ __   ___
 | |  | |/ _` | __/ _` |  \___ \| | | | '_ \ / __|
 | |__| | (_| | || (_| |  ____) | |_| | | | | (__
 |_____/ \__,_|\__\__,_| |_____/ \__, |_| |_|\___|
                                  __/ |
                                 |___/
    
2026-06-11 15:50:30,155 INFO     1815 RAGFlow data sync version: v0.25.6
2026-06-11 15:50:30,155 INFO     1815 Current configs, from /ragflow/conf/service_conf.yaml:
	ragflow: {'host': '0.0.0.0', 'http_port': 9380}
	admin: {'host': '0.0.0.0', 'http_port': 9381}
	mysql: {'name': 'rag_flow', 'user': 'root', 'password': '********', 'host': 'mysql', 'port': 3306, 'max_connections': 900, 'stale_timeout': 300, 'max_allowed_packet': 1073741824}
	minio: {'user': 'rag_flow', 'password': '********', 'host': 'minio:9000', 'bucket': '', 'prefix_path': ''}
	es: {'hosts': 'http://es01:9200', 'username': 'elastic', 'password': '********'}
	os: {'hosts': 'http://opensearch01:9201', 'username': 'admin', 'password': '********'}
	infinity: {'uri': 'infinity:23817', 'postgres_port': 5432, 'db_name': 'default_db'}
	oceanbase: {'scheme': 'oceanbase', 'config': {'db_name': 'ragflow_doc', 'user': 'root@ragflow', 'password': 'infini_rag_flow', 'host': 'oceanbase', 'port': 2881}}
	seekdb: {'scheme': 'oceanbase', 'config': {'db_name': 'ragflow_doc', 'user': 'root', 'password': 'infini_rag_flow', 'host': 'seekdb', 'port': 2881}}
	redis: {'db': 1, 'username': '', 'password': '********', 'host': 'redis:6379'}
	user_default_llm: {'default_models': {'embedding_model': {'api_key': 'xxx', 'base_url': 'http://tei:80'}}}
2026-06-11 15:50:30,169 INFO     1815 GET http://es01:9200/ [status:200 duration:0.011s]
2026-06-11 15:50:30,172 INFO     1815 HEAD http://es01:9200/ [status:200 duration:0.002s]
2026-06-11 15:50:30,172 INFO     1815 Use Elasticsearch http://es01:9200 as the doc engine.
2026-06-11 15:50:30,173 INFO     1815 Elasticsearch http://es01:9200 is healthy.
2026-06-11 15:50:30,173 INFO     1815 Use Elasticsearch http://es01:9200 as the doc engine.
2026-06-11 15:50:30,174 INFO     1815 Elasticsearch http://es01:9200 is healthy.
2026-06-11 15:50:30,176 WARNING  1815 Load term.freq FAIL!
2026-06-11 15:50:49,375 INFO     1890 data_sync_0 log path: /ragflow/logs/data_sync_0.log, log levels: {'peewee': 'WARNING', 'pdfminer': 'WARNING', 'root': 'INFO'}
2026-06-11 15:50:49,376 INFO     1890 
  _____        _           _____
 |  __ \      | |         / ____|
 | |  | | __ _| |_ __ _  | (___  _   _ _ __   ___
 | |  | |/ _` | __/ _` |  \___ \| | | | '_ \ / __|
 | |__| | (_| | || (_| |  ____) | |_| | | | | (__
 |_____/ \__,_|\__\__,_| |_____/ \__, |_| |_|\___|
                                  __/ |
                                 |___/
    
2026-06-11 15:50:49,376 INFO     1890 RAGFlow data sync version: v0.25.6
2026-06-11 15:50:49,377 INFO     1890 Current configs, from /ragflow/conf/service_conf.yaml:
	ragflow: {'host': '0.0.0.0', 'http_port': 9380}
	admin: {'host': '0.0.0.0', 'http_port': 9381}
	mysql: {'name': 'rag_flow', 'user': 'root', 'password': '********', 'host': 'mysql', 'port': 3306, 'max_connections': 900, 'stale_timeout': 300, 'max_allowed_packet': 1073741824}
	minio: {'user': 'rag_flow', 'password': '********', 'host': 'minio:9000', 'bucket': '', 'prefix_path': ''}
	es: {'hosts': 'http://es01:9200', 'username': 'elastic', 'password': '********'}
	os: {'hosts': 'http://opensearch01:9201', 'username': 'admin', 'password': '********'}
	infinity: {'uri': 'infinity:23817', 'postgres_port': 5432, 'db_name': 'default_db'}
	oceanbase: {'scheme': 'oceanbase', 'config': {'db_name': 'ragflow_doc', 'user': 'root@ragflow', 'password': 'infini_rag_flow', 'host': 'oceanbase', 'port': 2881}}
	seekdb: {'scheme': 'oceanbase', 'config': {'db_name': 'ragflow_doc', 'user': 'root', 'password': 'infini_rag_flow', 'host': 'seekdb', 'port': 2881}}
	redis: {'db': 1, 'username': '', 'password': '********', 'host': 'redis:6379'}
	user_default_llm: {'default_models': {'embedding_model': {'api_key': 'xxx', 'base_url': 'http://tei:80'}}}
2026-06-11 15:50:49,383 INFO     1890 GET http://es01:9200/ [status:200 duration:0.004s]
2026-06-11 15:50:49,385 INFO     1890 HEAD http://es01:9200/ [status:200 duration:0.002s]
2026-06-11 15:50:49,386 INFO     1890 Use Elasticsearch http://es01:9200 as the doc engine.
2026-06-11 15:50:49,386 INFO     1890 Elasticsearch http://es01:9200 is healthy.
2026-06-11 15:50:49,386 INFO     1890 Use Elasticsearch http://es01:9200 as the doc engine.
2026-06-11 15:50:49,387 INFO     1890 Elasticsearch http://es01:9200 is healthy.
2026-06-11 15:50:49,390 WARNING  1890 Load term.freq FAIL!
2026-06-11 15:51:08,760 INFO     2025 data_sync_0 log path: /ragflow/logs/data_sync_0.log, log levels: {'peewee': 'WARNING', 'pdfminer': 'WARNING', 'root': 'INFO'}
2026-06-11 15:51:08,761 INFO     2025 
  _____        _           _____
 |  __ \      | |         / ____|
 | |  | | __ _| |_ __ _  | (___  _   _ _ __   ___
 | |  | |/ _` | __/ _` |  \___ \| | | | '_ \ / __|
 | |__| | (_| | || (_| |  ____) | |_| | | | | (__
 |_____/ \__,_|\__\__,_| |_____/ \__, |_| |_|\___|
                                  __/ |
                                 |___/
    
2026-06-11 15:51:08,761 INFO     2025 RAGFlow data sync version: v0.25.6
2026-06-11 15:51:08,761 INFO     2025 Current configs, from /ragflow/conf/service_conf.yaml:
	ragflow: {'host': '0.0.0.0', 'http_port': 9380}
	admin: {'host': '0.0.0.0', 'http_port': 9381}
	mysql: {'name': 'rag_flow', 'user': 'root', 'password': '********', 'host': 'mysql', 'port': 3306, 'max_connections': 900, 'stale_timeout': 300, 'max_allowed_packet': 1073741824}
	minio: {'user': 'rag_flow', 'password': '********', 'host': 'minio:9000', 'bucket': '', 'prefix_path': ''}
	es: {'hosts': 'http://es01:9200', 'username': 'elastic', 'password': '********'}
	os: {'hosts': 'http://opensearch01:9201', 'username': 'admin', 'password': '********'}
	infinity: {'uri': 'infinity:23817', 'postgres_port': 5432, 'db_name': 'default_db'}
	oceanbase: {'scheme': 'oceanbase', 'config': {'db_name': 'ragflow_doc', 'user': 'root@ragflow', 'password': 'infini_rag_flow', 'host': 'oceanbase', 'port': 2881}}
	seekdb: {'scheme': 'oceanbase', 'config': {'db_name': 'ragflow_doc', 'user': 'root', 'password': 'infini_rag_flow', 'host': 'seekdb', 'port': 2881}}
	redis: {'db': 1, 'username': '', 'password': '********', 'host': 'redis:6379'}
	user_default_llm: {'default_models': {'embedding_model': {'api_key': 'xxx', 'base_url': 'http://tei:80'}}}
2026-06-11 15:51:08,768 INFO     2025 GET http://es01:9200/ [status:200 duration:0.004s]
2026-06-11 15:51:08,770 INFO     2025 HEAD http://es01:9200/ [status:200 duration:0.002s]
2026-06-11 15:51:08,770 INFO     2025 Use Elasticsearch http://es01:9200 as the doc engine.
2026-06-11 15:51:08,771 INFO     2025 Elasticsearch http://es01:9200 is healthy.
2026-06-11 15:51:08,771 INFO     2025 Use Elasticsearch http://es01:9200 as the doc engine.
2026-06-11 15:51:08,771 INFO     2025 Elasticsearch http://es01:9200 is healthy.
2026-06-11 15:51:08,774 WARNING  2025 Load term.freq FAIL!
2026-06-11 15:51:28,177 INFO     2126 data_sync_0 log path: /ragflow/logs/data_sync_0.log, log levels: {'peewee': 'WARNING', 'pdfminer': 'WARNING', 'root': 'INFO'}
2026-06-11 15:51:28,178 INFO     2126 
  _____        _           _____
 |  __ \      | |         / ____|
 | |  | | __ _| |_ __ _  | (___  _   _ _ __   ___
 | |  | |/ _` | __/ _` |  \___ \| | | | '_ \ / __|
 | |__| | (_| | || (_| |  ____) | |_| | | | | (__
 |_____/ \__,_|\__\__,_| |_____/ \__, |_| |_|\___|
                                  __/ |
                                 |___/
    
2026-06-11 15:51:28,178 INFO     2126 RAGFlow data sync version: v0.25.6
2026-06-11 15:51:28,179 INFO     2126 Current configs, from /ragflow/conf/service_conf.yaml:
	ragflow: {'host': '0.0.0.0', 'http_port': 9380}
	admin: {'host': '0.0.0.0', 'http_port': 9381}
	mysql: {'name': 'rag_flow', 'user': 'root', 'password': '********', 'host': 'mysql', 'port': 3306, 'max_connections': 900, 'stale_timeout': 300, 'max_allowed_packet': 1073741824}
	minio: {'user': 'rag_flow', 'password': '********', 'host': 'minio:9000', 'bucket': '', 'prefix_path': ''}
	es: {'hosts': 'http://es01:9200', 'username': 'elastic', 'password': '********'}
	os: {'hosts': 'http://opensearch01:9201', 'username': 'admin', 'password': '********'}
	infinity: {'uri': 'infinity:23817', 'postgres_port': 5432, 'db_name': 'default_db'}
	oceanbase: {'scheme': 'oceanbase', 'config': {'db_name': 'ragflow_doc', 'user': 'root@ragflow', 'password': 'infini_rag_flow', 'host': 'oceanbase', 'port': 2881}}
	seekdb: {'scheme': 'oceanbase', 'config': {'db_name': 'ragflow_doc', 'user': 'root', 'password': 'infini_rag_flow', 'host': 'seekdb', 'port': 2881}}
	redis: {'db': 1, 'username': '', 'password': '********', 'host': 'redis:6379'}
	user_default_llm: {'default_models': {'embedding_model': {'api_key': 'xxx', 'base_url': 'http://tei:80'}}}
2026-06-11 15:51:28,185 INFO     2126 GET http://es01:9200/ [status:200 duration:0.004s]
2026-06-11 15:51:28,187 INFO     2126 HEAD http://es01:9200/ [status:200 duration:0.001s]
2026-06-11 15:51:28,188 INFO     2126 Use Elasticsearch http://es01:9200 as the doc engine.
2026-06-11 15:51:28,188 INFO     2126 Elasticsearch http://es01:9200 is healthy.
2026-06-11 15:51:28,188 INFO     2126 Use Elasticsearch http://es01:9200 as the doc engine.
2026-06-11 15:51:28,189 INFO     2126 Elasticsearch http://es01:9200 is healthy.
2026-06-11 15:51:28,191 WARNING  2126 Load term.freq FAIL!
2026-06-11 15:51:48,138 INFO     2201 data_sync_0 log path: /ragflow/logs/data_sync_0.log, log levels: {'peewee': 'WARNING', 'pdfminer': 'WARNING', 'root': 'INFO'}
2026-06-11 15:51:48,139 INFO     2201 
  _____        _           _____
 |  __ \      | |         / ____|
 | |  | | __ _| |_ __ _  | (___  _   _ _ __   ___
 | |  | |/ _` | __/ _` |  \___ \| | | | '_ \ / __|
 | |__| | (_| | || (_| |  ____) | |_| | | | | (__
 |_____/ \__,_|\__\__,_| |_____/ \__, |_| |_|\___|
                                  __/ |
                                 |___/
    
2026-06-11 15:51:48,139 INFO     2201 RAGFlow data sync version: v0.25.6
2026-06-11 15:51:48,140 INFO     2201 Current configs, from /ragflow/conf/service_conf.yaml:
	ragflow: {'host': '0.0.0.0', 'http_port': 9380}
	admin: {'host': '0.0.0.0', 'http_port': 9381}
	mysql: {'name': 'rag_flow', 'user': 'root', 'password': '********', 'host': 'mysql', 'port': 3306, 'max_connections': 900, 'stale_timeout': 300, 'max_allowed_packet': 1073741824}
	minio: {'user': 'rag_flow', 'password': '********', 'host': 'minio:9000', 'bucket': '', 'prefix_path': ''}
	es: {'hosts': 'http://es01:9200', 'username': 'elastic', 'password': '********'}
	os: {'hosts': 'http://opensearch01:9201', 'username': 'admin', 'password': '********'}
	infinity: {'uri': 'infinity:23817', 'postgres_port': 5432, 'db_name': 'default_db'}
	oceanbase: {'scheme': 'oceanbase', 'config': {'db_name': 'ragflow_doc', 'user': 'root@ragflow', 'password': 'infini_rag_flow', 'host': 'oceanbase', 'port': 2881}}
	seekdb: {'scheme': 'oceanbase', 'config': {'db_name': 'ragflow_doc', 'user': 'root', 'password': 'infini_rag_flow', 'host': 'seekdb', 'port': 2881}}
	redis: {'db': 1, 'username': '', 'password': '********', 'host': 'redis:6379'}
	user_default_llm: {'default_models': {'embedding_model': {'api_key': 'xxx', 'base_url': 'http://tei:80'}}}
2026-06-11 15:51:48,147 INFO     2201 GET http://es01:9200/ [status:200 duration:0.004s]
2026-06-11 15:51:48,149 INFO     2201 HEAD http://es01:9200/ [status:200 duration:0.001s]
2026-06-11 15:51:48,149 INFO     2201 Use Elasticsearch http://es01:9200 as the doc engine.
2026-06-11 15:51:48,150 INFO     2201 Elasticsearch http://es01:9200 is healthy.
2026-06-11 15:51:48,150 INFO     2201 Use Elasticsearch http://es01:9200 as the doc engine.
2026-06-11 15:51:48,150 INFO     2201 Elasticsearch http://es01:9200 is healthy.
2026-06-11 15:51:48,153 WARNING  2201 Load term.freq FAIL!
2026-06-11 15:52:07,749 INFO     2336 data_sync_0 log path: /ragflow/logs/data_sync_0.log, log levels: {'peewee': 'WARNING', 'pdfminer': 'WARNING', 'root': 'INFO'}
2026-06-11 15:52:07,750 INFO     2336 
  _____        _           _____
 |  __ \      | |         / ____|
 | |  | | __ _| |_ __ _  | (___  _   _ _ __   ___
 | |  | |/ _` | __/ _` |  \___ \| | | | '_ \ / __|
 | |__| | (_| | || (_| |  ____) | |_| | | | | (__
 |_____/ \__,_|\__\__,_| |_____/ \__, |_| |_|\___|
                                  __/ |
                                 |___/
    
2026-06-11 15:52:07,751 INFO     2336 RAGFlow data sync version: v0.25.6
2026-06-11 15:52:07,751 INFO     2336 Current configs, from /ragflow/conf/service_conf.yaml:
	ragflow: {'host': '0.0.0.0', 'http_port': 9380}
	admin: {'host': '0.0.0.0', 'http_port': 9381}
	mysql: {'name': 'rag_flow', 'user': 'root', 'password': '********', 'host': 'mysql', 'port': 3306, 'max_connections': 900, 'stale_timeout': 300, 'max_allowed_packet': 1073741824}
	minio: {'user': 'rag_flow', 'password': '********', 'host': 'minio:9000', 'bucket': '', 'prefix_path': ''}
	es: {'hosts': 'http://es01:9200', 'username': 'elastic', 'password': '********'}
	os: {'hosts': 'http://opensearch01:9201', 'username': 'admin', 'password': '********'}
	infinity: {'uri': 'infinity:23817', 'postgres_port': 5432, 'db_name': 'default_db'}
	oceanbase: {'scheme': 'oceanbase', 'config': {'db_name': 'ragflow_doc', 'user': 'root@ragflow', 'password': 'infini_rag_flow', 'host': 'oceanbase', 'port': 2881}}
	seekdb: {'scheme': 'oceanbase', 'config': {'db_name': 'ragflow_doc', 'user': 'root', 'password': 'infini_rag_flow', 'host': 'seekdb', 'port': 2881}}
	redis: {'db': 1, 'username': '', 'password': '********', 'host': 'redis:6379'}
	user_default_llm: {'default_models': {'embedding_model': {'api_key': 'xxx', 'base_url': 'http://tei:80'}}}
2026-06-11 15:52:07,758 INFO     2336 GET http://es01:9200/ [status:200 duration:0.004s]
2026-06-11 15:52:07,760 INFO     2336 HEAD http://es01:9200/ [status:200 duration:0.002s]
2026-06-11 15:52:07,760 INFO     2336 Use Elasticsearch http://es01:9200 as the doc engine.
2026-06-11 15:52:07,761 INFO     2336 Elasticsearch http://es01:9200 is healthy.
2026-06-11 15:52:07,761 INFO     2336 Use Elasticsearch http://es01:9200 as the doc engine.
2026-06-11 15:52:07,761 INFO     2336 Elasticsearch http://es01:9200 is healthy.
2026-06-11 15:52:07,764 WARNING  2336 Load term.freq FAIL!
2026-06-11 15:52:26,862 INFO     2437 data_sync_0 log path: /ragflow/logs/data_sync_0.log, log levels: {'peewee': 'WARNING', 'pdfminer': 'WARNING', 'root': 'INFO'}
2026-06-11 15:52:26,863 INFO     2437 
  _____        _           _____
 |  __ \      | |         / ____|
 | |  | | __ _| |_ __ _  | (___  _   _ _ __   ___
 | |  | |/ _` | __/ _` |  \___ \| | | | '_ \ / __|
 | |__| | (_| | || (_| |  ____) | |_| | | | | (__
 |_____/ \__,_|\__\__,_| |_____/ \__, |_| |_|\___|
                                  __/ |
                                 |___/
    
2026-06-11 15:52:26,863 INFO     2437 RAGFlow data sync version: v0.25.6
2026-06-11 15:52:26,863 INFO     2437 Current configs, from /ragflow/conf/service_conf.yaml:
	ragflow: {'host': '0.0.0.0', 'http_port': 9380}
	admin: {'host': '0.0.0.0', 'http_port': 9381}
	mysql: {'name': 'rag_flow', 'user': 'root', 'password': '********', 'host': 'mysql', 'port': 3306, 'max_connections': 900, 'stale_timeout': 300, 'max_allowed_packet': 1073741824}
	minio: {'user': 'rag_flow', 'password': '********', 'host': 'minio:9000', 'bucket': '', 'prefix_path': ''}
	es: {'hosts': 'http://es01:9200', 'username': 'elastic', 'password': '********'}
	os: {'hosts': 'http://opensearch01:9201', 'username': 'admin', 'password': '********'}
	infinity: {'uri': 'infinity:23817', 'postgres_port': 5432, 'db_name': 'default_db'}
	oceanbase: {'scheme': 'oceanbase', 'config': {'db_name': 'ragflow_doc', 'user': 'root@ragflow', 'password': 'infini_rag_flow', 'host': 'oceanbase', 'port': 2881}}
	seekdb: {'scheme': 'oceanbase', 'config': {'db_name': 'ragflow_doc', 'user': 'root', 'password': 'infini_rag_flow', 'host': 'seekdb', 'port': 2881}}
	redis: {'db': 1, 'username': '', 'password': '********', 'host': 'redis:6379'}
	user_default_llm: {'default_models': {'embedding_model': {'api_key': 'xxx', 'base_url': 'http://tei:80'}}}
2026-06-11 15:52:26,869 INFO     2437 GET http://es01:9200/ [status:200 duration:0.004s]
2026-06-11 15:52:26,871 INFO     2437 HEAD http://es01:9200/ [status:200 duration:0.001s]
2026-06-11 15:52:26,872 INFO     2437 Use Elasticsearch http://es01:9200 as the doc engine.
2026-06-11 15:52:26,872 INFO     2437 Elasticsearch http://es01:9200 is healthy.
2026-06-11 15:52:26,872 INFO     2437 Use Elasticsearch http://es01:9200 as the doc engine.
2026-06-11 15:52:26,873 INFO     2437 Elasticsearch http://es01:9200 is healthy.
2026-06-11 15:52:26,876 WARNING  2437 Load term.freq FAIL!
2026-06-11 15:52:46,301 INFO     2512 data_sync_0 log path: /ragflow/logs/data_sync_0.log, log levels: {'peewee': 'WARNING', 'pdfminer': 'WARNING', 'root': 'INFO'}
2026-06-11 15:52:46,301 INFO     2512 
  _____        _           _____
 |  __ \      | |         / ____|
 | |  | | __ _| |_ __ _  | (___  _   _ _ __   ___
 | |  | |/ _` | __/ _` |  \___ \| | | | '_ \ / __|
 | |__| | (_| | || (_| |  ____) | |_| | | | | (__
 |_____/ \__,_|\__\__,_| |_____/ \__, |_| |_|\___|
                                  __/ |
                                 |___/
    
2026-06-11 15:52:46,302 INFO     2512 RAGFlow data sync version: v0.25.6
2026-06-11 15:52:46,302 INFO     2512 Current configs, from /ragflow/conf/service_conf.yaml:
	ragflow: {'host': '0.0.0.0', 'http_port': 9380}
	admin: {'host': '0.0.0.0', 'http_port': 9381}
	mysql: {'name': 'rag_flow', 'user': 'root', 'password': '********', 'host': 'mysql', 'port': 3306, 'max_connections': 900, 'stale_timeout': 300, 'max_allowed_packet': 1073741824}
	minio: {'user': 'rag_flow', 'password': '********', 'host': 'minio:9000', 'bucket': '', 'prefix_path': ''}
	es: {'hosts': 'http://es01:9200', 'username': 'elastic', 'password': '********'}
	os: {'hosts': 'http://opensearch01:9201', 'username': 'admin', 'password': '********'}
	infinity: {'uri': 'infinity:23817', 'postgres_port': 5432, 'db_name': 'default_db'}
	oceanbase: {'scheme': 'oceanbase', 'config': {'db_name': 'ragflow_doc', 'user': 'root@ragflow', 'password': 'infini_rag_flow', 'host': 'oceanbase', 'port': 2881}}
	seekdb: {'scheme': 'oceanbase', 'config': {'db_name': 'ragflow_doc', 'user': 'root', 'password': 'infini_rag_flow', 'host': 'seekdb', 'port': 2881}}
	redis: {'db': 1, 'username': '', 'password': '********', 'host': 'redis:6379'}
	user_default_llm: {'default_models': {'embedding_model': {'api_key': 'xxx', 'base_url': 'http://tei:80'}}}
2026-06-11 15:52:46,308 INFO     2512 GET http://es01:9200/ [status:200 duration:0.004s]
2026-06-11 15:52:46,311 INFO     2512 HEAD http://es01:9200/ [status:200 duration:0.002s]
2026-06-11 15:52:46,311 INFO     2512 Use Elasticsearch http://es01:9200 as the doc engine.
2026-06-11 15:52:46,312 INFO     2512 Elasticsearch http://es01:9200 is healthy.
2026-06-11 15:52:46,312 INFO     2512 Use Elasticsearch http://es01:9200 as the doc engine.
2026-06-11 15:52:46,313 INFO     2512 Elasticsearch http://es01:9200 is healthy.
2026-06-11 15:52:46,316 WARNING  2512 Load term.freq FAIL!
2026-06-11 15:53:05,904 INFO     2616 data_sync_0 log path: /ragflow/logs/data_sync_0.log, log levels: {'peewee': 'WARNING', 'pdfminer': 'WARNING', 'root': 'INFO'}
2026-06-11 15:53:05,905 INFO     2616 
  _____        _           _____
 |  __ \      | |         / ____|
 | |  | | __ _| |_ __ _  | (___  _   _ _ __   ___
 | |  | |/ _` | __/ _` |  \___ \| | | | '_ \ / __|
 | |__| | (_| | || (_| |  ____) | |_| | | | | (__
 |_____/ \__,_|\__\__,_| |_____/ \__, |_| |_|\___|
                                  __/ |
                                 |___/
    
2026-06-11 15:53:05,905 INFO     2616 RAGFlow data sync version: v0.25.6
2026-06-11 15:53:05,906 INFO     2616 Current configs, from /ragflow/conf/service_conf.yaml:
	ragflow: {'host': '0.0.0.0', 'http_port': 9380}
	admin: {'host': '0.0.0.0', 'http_port': 9381}
	mysql: {'name': 'rag_flow', 'user': 'root', 'password': '********', 'host': 'mysql', 'port': 3306, 'max_connections': 900, 'stale_timeout': 300, 'max_allowed_packet': 1073741824}
	minio: {'user': 'rag_flow', 'password': '********', 'host': 'minio:9000', 'bucket': '', 'prefix_path': ''}
	es: {'hosts': 'http://es01:9200', 'username': 'elastic', 'password': '********'}
	os: {'hosts': 'http://opensearch01:9201', 'username': 'admin', 'password': '********'}
	infinity: {'uri': 'infinity:23817', 'postgres_port': 5432, 'db_name': 'default_db'}
	oceanbase: {'scheme': 'oceanbase', 'config': {'db_name': 'ragflow_doc', 'user': 'root@ragflow', 'password': 'infini_rag_flow', 'host': 'oceanbase', 'port': 2881}}
	seekdb: {'scheme': 'oceanbase', 'config': {'db_name': 'ragflow_doc', 'user': 'root', 'password': 'infini_rag_flow', 'host': 'seekdb', 'port': 2881}}
	redis: {'db': 1, 'username': '', 'password': '********', 'host': 'redis:6379'}
	user_default_llm: {'default_models': {'embedding_model': {'api_key': 'xxx', 'base_url': 'http://tei:80'}}}
2026-06-11 15:53:05,913 INFO     2616 GET http://es01:9200/ [status:200 duration:0.004s]
2026-06-11 15:53:05,915 INFO     2616 HEAD http://es01:9200/ [status:200 duration:0.002s]
2026-06-11 15:53:05,915 INFO     2616 Use Elasticsearch http://es01:9200 as the doc engine.
2026-06-11 15:53:05,916 INFO     2616 Elasticsearch http://es01:9200 is healthy.
2026-06-11 15:53:05,916 INFO     2616 Use Elasticsearch http://es01:9200 as the doc engine.
2026-06-11 15:53:05,916 INFO     2616 Elasticsearch http://es01:9200 is healthy.
2026-06-11 15:53:05,919 WARNING  2616 Load term.freq FAIL!
2026-06-11 15:53:25,109 INFO     2748 data_sync_0 log path: /ragflow/logs/data_sync_0.log, log levels: {'peewee': 'WARNING', 'pdfminer': 'WARNING', 'root': 'INFO'}
2026-06-11 15:53:25,110 INFO     2748 
  _____        _           _____
 |  __ \      | |         / ____|
 | |  | | __ _| |_ __ _  | (___  _   _ _ __   ___
 | |  | |/ _` | __/ _` |  \___ \| | | | '_ \ / __|
 | |__| | (_| | || (_| |  ____) | |_| | | | | (__
 |_____/ \__,_|\__\__,_| |_____/ \__, |_| |_|\___|
                                  __/ |
                                 |___/
    
2026-06-11 15:53:25,110 INFO     2748 RAGFlow data sync version: v0.25.6
2026-06-11 15:53:25,110 INFO     2748 Current configs, from /ragflow/conf/service_conf.yaml:
	ragflow: {'host': '0.0.0.0', 'http_port': 9380}
	admin: {'host': '0.0.0.0', 'http_port': 9381}
	mysql: {'name': 'rag_flow', 'user': 'root', 'password': '********', 'host': 'mysql', 'port': 3306, 'max_connections': 900, 'stale_timeout': 300, 'max_allowed_packet': 1073741824}
	minio: {'user': 'rag_flow', 'password': '********', 'host': 'minio:9000', 'bucket': '', 'prefix_path': ''}
	es: {'hosts': 'http://es01:9200', 'username': 'elastic', 'password': '********'}
	os: {'hosts': 'http://opensearch01:9201', 'username': 'admin', 'password': '********'}
	infinity: {'uri': 'infinity:23817', 'postgres_port': 5432, 'db_name': 'default_db'}
	oceanbase: {'scheme': 'oceanbase', 'config': {'db_name': 'ragflow_doc', 'user': 'root@ragflow', 'password': 'infini_rag_flow', 'host': 'oceanbase', 'port': 2881}}
	seekdb: {'scheme': 'oceanbase', 'config': {'db_name': 'ragflow_doc', 'user': 'root', 'password': 'infini_rag_flow', 'host': 'seekdb', 'port': 2881}}
	redis: {'db': 1, 'username': '', 'password': '********', 'host': 'redis:6379'}
	user_default_llm: {'default_models': {'embedding_model': {'api_key': 'xxx', 'base_url': 'http://tei:80'}}}
2026-06-11 15:53:25,118 INFO     2748 GET http://es01:9200/ [status:200 duration:0.004s]
2026-06-11 15:53:25,121 INFO     2748 HEAD http://es01:9200/ [status:200 duration:0.002s]
2026-06-11 15:53:25,121 INFO     2748 Use Elasticsearch http://es01:9200 as the doc engine.
2026-06-11 15:53:25,121 INFO     2748 Elasticsearch http://es01:9200 is healthy.
2026-06-11 15:53:25,122 INFO     2748 Use Elasticsearch http://es01:9200 as the doc engine.
2026-06-11 15:53:25,122 INFO     2748 Elasticsearch http://es01:9200 is healthy.
2026-06-11 15:53:25,125 WARNING  2748 Load term.freq FAIL!
2026-06-11 15:53:45,115 INFO     2823 data_sync_0 log path: /ragflow/logs/data_sync_0.log, log levels: {'peewee': 'WARNING', 'pdfminer': 'WARNING', 'root': 'INFO'}
2026-06-11 15:53:45,116 INFO     2823 
  _____        _           _____
 |  __ \      | |         / ____|
 | |  | | __ _| |_ __ _  | (___  _   _ _ __   ___
 | |  | |/ _` | __/ _` |  \___ \| | | | '_ \ / __|
 | |__| | (_| | || (_| |  ____) | |_| | | | | (__
 |_____/ \__,_|\__\__,_| |_____/ \__, |_| |_|\___|
                                  __/ |
                                 |___/
    
2026-06-11 15:53:45,116 INFO     2823 RAGFlow data sync version: v0.25.6
2026-06-11 15:53:45,117 INFO     2823 Current configs, from /ragflow/conf/service_conf.yaml:
	ragflow: {'host': '0.0.0.0', 'http_port': 9380}
	admin: {'host': '0.0.0.0', 'http_port': 9381}
	mysql: {'name': 'rag_flow', 'user': 'root', 'password': '********', 'host': 'mysql', 'port': 3306, 'max_connections': 900, 'stale_timeout': 300, 'max_allowed_packet': 1073741824}
	minio: {'user': 'rag_flow', 'password': '********', 'host': 'minio:9000', 'bucket': '', 'prefix_path': ''}
	es: {'hosts': 'http://es01:9200', 'username': 'elastic', 'password': '********'}
	os: {'hosts': 'http://opensearch01:9201', 'username': 'admin', 'password': '********'}
	infinity: {'uri': 'infinity:23817', 'postgres_port': 5432, 'db_name': 'default_db'}
	oceanbase: {'scheme': 'oceanbase', 'config': {'db_name': 'ragflow_doc', 'user': 'root@ragflow', 'password': 'infini_rag_flow', 'host': 'oceanbase', 'port': 2881}}
	seekdb: {'scheme': 'oceanbase', 'config': {'db_name': 'ragflow_doc', 'user': 'root', 'password': 'infini_rag_flow', 'host': 'seekdb', 'port': 2881}}
	redis: {'db': 1, 'username': '', 'password': '********', 'host': 'redis:6379'}
	user_default_llm: {'default_models': {'embedding_model': {'api_key': 'xxx', 'base_url': 'http://tei:80'}}}
2026-06-11 15:53:45,123 INFO     2823 GET http://es01:9200/ [status:200 duration:0.004s]
2026-06-11 15:53:45,125 INFO     2823 HEAD http://es01:9200/ [status:200 duration:0.001s]
2026-06-11 15:53:45,125 INFO     2823 Use Elasticsearch http://es01:9200 as the doc engine.
2026-06-11 15:53:45,126 INFO     2823 Elasticsearch http://es01:9200 is healthy.
2026-06-11 15:53:45,126 INFO     2823 Use Elasticsearch http://es01:9200 as the doc engine.
2026-06-11 15:53:45,126 INFO     2823 Elasticsearch http://es01:9200 is healthy.
2026-06-11 15:53:45,129 WARNING  2823 Load term.freq FAIL!
2026-06-11 15:54:04,791 INFO     2925 data_sync_0 log path: /ragflow/logs/data_sync_0.log, log levels: {'peewee': 'WARNING', 'pdfminer': 'WARNING', 'root': 'INFO'}
2026-06-11 15:54:04,791 INFO     2925 
  _____        _           _____
 |  __ \      | |         / ____|
 | |  | | __ _| |_ __ _  | (___  _   _ _ __   ___
 | |  | |/ _` | __/ _` |  \___ \| | | | '_ \ / __|
 | |__| | (_| | || (_| |  ____) | |_| | | | | (__
 |_____/ \__,_|\__\__,_| |_____/ \__, |_| |_|\___|
                                  __/ |
                                 |___/
    
2026-06-11 15:54:04,792 INFO     2925 RAGFlow data sync version: v0.25.6
2026-06-11 15:54:04,792 INFO     2925 Current configs, from /ragflow/conf/service_conf.yaml:
	ragflow: {'host': '0.0.0.0', 'http_port': 9380}
	admin: {'host': '0.0.0.0', 'http_port': 9381}
	mysql: {'name': 'rag_flow', 'user': 'root', 'password': '********', 'host': 'mysql', 'port': 3306, 'max_connections': 900, 'stale_timeout': 300, 'max_allowed_packet': 1073741824}
	minio: {'user': 'rag_flow', 'password': '********', 'host': 'minio:9000', 'bucket': '', 'prefix_path': ''}
	es: {'hosts': 'http://es01:9200', 'username': 'elastic', 'password': '********'}
	os: {'hosts': 'http://opensearch01:9201', 'username': 'admin', 'password': '********'}
	infinity: {'uri': 'infinity:23817', 'postgres_port': 5432, 'db_name': 'default_db'}
	oceanbase: {'scheme': 'oceanbase', 'config': {'db_name': 'ragflow_doc', 'user': 'root@ragflow', 'password': 'infini_rag_flow', 'host': 'oceanbase', 'port': 2881}}
	seekdb: {'scheme': 'oceanbase', 'config': {'db_name': 'ragflow_doc', 'user': 'root', 'password': 'infini_rag_flow', 'host': 'seekdb', 'port': 2881}}
	redis: {'db': 1, 'username': '', 'password': '********', 'host': 'redis:6379'}
	user_default_llm: {'default_models': {'embedding_model': {'api_key': 'xxx', 'base_url': 'http://tei:80'}}}
2026-06-11 15:54:04,800 INFO     2925 GET http://es01:9200/ [status:200 duration:0.005s]
2026-06-11 15:54:04,803 INFO     2925 HEAD http://es01:9200/ [status:200 duration:0.003s]
2026-06-11 15:54:04,804 INFO     2925 Use Elasticsearch http://es01:9200 as the doc engine.
2026-06-11 15:54:04,804 INFO     2925 Elasticsearch http://es01:9200 is healthy.
2026-06-11 15:54:04,805 INFO     2925 Use Elasticsearch http://es01:9200 as the doc engine.
2026-06-11 15:54:04,805 INFO     2925 Elasticsearch http://es01:9200 is healthy.
2026-06-11 15:54:04,809 WARNING  2925 Load term.freq FAIL!
2026-06-11 15:54:24,145 INFO     3059 data_sync_0 log path: /ragflow/logs/data_sync_0.log, log levels: {'peewee': 'WARNING', 'pdfminer': 'WARNING', 'root': 'INFO'}
2026-06-11 15:54:24,146 INFO     3059 
  _____        _           _____
 |  __ \      | |         / ____|
 | |  | | __ _| |_ __ _  | (___  _   _ _ __   ___
 | |  | |/ _` | __/ _` |  \___ \| | | | '_ \ / __|
 | |__| | (_| | || (_| |  ____) | |_| | | | | (__
 |_____/ \__,_|\__\__,_| |_____/ \__, |_| |_|\___|
                                  __/ |
                                 |___/
    
2026-06-11 15:54:24,146 INFO     3059 RAGFlow data sync version: v0.25.6
2026-06-11 15:54:24,147 INFO     3059 Current configs, from /ragflow/conf/service_conf.yaml:
	ragflow: {'host': '0.0.0.0', 'http_port': 9380}
	admin: {'host': '0.0.0.0', 'http_port': 9381}
	mysql: {'name': 'rag_flow', 'user': 'root', 'password': '********', 'host': 'mysql', 'port': 3306, 'max_connections': 900, 'stale_timeout': 300, 'max_allowed_packet': 1073741824}
	minio: {'user': 'rag_flow', 'password': '********', 'host': 'minio:9000', 'bucket': '', 'prefix_path': ''}
	es: {'hosts': 'http://es01:9200', 'username': 'elastic', 'password': '********'}
	os: {'hosts': 'http://opensearch01:9201', 'username': 'admin', 'password': '********'}
	infinity: {'uri': 'infinity:23817', 'postgres_port': 5432, 'db_name': 'default_db'}
	oceanbase: {'scheme': 'oceanbase', 'config': {'db_name': 'ragflow_doc', 'user': 'root@ragflow', 'password': 'infini_rag_flow', 'host': 'oceanbase', 'port': 2881}}
	seekdb: {'scheme': 'oceanbase', 'config': {'db_name': 'ragflow_doc', 'user': 'root', 'password': 'infini_rag_flow', 'host': 'seekdb', 'port': 2881}}
	redis: {'db': 1, 'username': '', 'password': '********', 'host': 'redis:6379'}
	user_default_llm: {'default_models': {'embedding_model': {'api_key': 'xxx', 'base_url': 'http://tei:80'}}}
2026-06-11 15:54:24,153 INFO     3059 GET http://es01:9200/ [status:200 duration:0.004s]
2026-06-11 15:54:24,155 INFO     3059 HEAD http://es01:9200/ [status:200 duration:0.001s]
2026-06-11 15:54:24,155 INFO     3059 Use Elasticsearch http://es01:9200 as the doc engine.
2026-06-11 15:54:24,155 INFO     3059 Elasticsearch http://es01:9200 is healthy.
2026-06-11 15:54:24,156 INFO     3059 Use Elasticsearch http://es01:9200 as the doc engine.
2026-06-11 15:54:24,156 INFO     3059 Elasticsearch http://es01:9200 is healthy.
2026-06-11 15:54:24,159 WARNING  3059 Load term.freq FAIL!
2026-06-11 15:54:43,883 INFO     3134 data_sync_0 log path: /ragflow/logs/data_sync_0.log, log levels: {'peewee': 'WARNING', 'pdfminer': 'WARNING', 'root': 'INFO'}
2026-06-11 15:54:43,883 INFO     3134 
  _____        _           _____
 |  __ \      | |         / ____|
 | |  | | __ _| |_ __ _  | (___  _   _ _ __   ___
 | |  | |/ _` | __/ _` |  \___ \| | | | '_ \ / __|
 | |__| | (_| | || (_| |  ____) | |_| | | | | (__
 |_____/ \__,_|\__\__,_| |_____/ \__, |_| |_|\___|
                                  __/ |
                                 |___/
    
2026-06-11 15:54:43,884 INFO     3134 RAGFlow data sync version: v0.25.6
2026-06-11 15:54:43,884 INFO     3134 Current configs, from /ragflow/conf/service_conf.yaml:
	ragflow: {'host': '0.0.0.0', 'http_port': 9380}
	admin: {'host': '0.0.0.0', 'http_port': 9381}
	mysql: {'name': 'rag_flow', 'user': 'root', 'password': '********', 'host': 'mysql', 'port': 3306, 'max_connections': 900, 'stale_timeout': 300, 'max_allowed_packet': 1073741824}
	minio: {'user': 'rag_flow', 'password': '********', 'host': 'minio:9000', 'bucket': '', 'prefix_path': ''}
	es: {'hosts': 'http://es01:9200', 'username': 'elastic', 'password': '********'}
	os: {'hosts': 'http://opensearch01:9201', 'username': 'admin', 'password': '********'}
	infinity: {'uri': 'infinity:23817', 'postgres_port': 5432, 'db_name': 'default_db'}
	oceanbase: {'scheme': 'oceanbase', 'config': {'db_name': 'ragflow_doc', 'user': 'root@ragflow', 'password': 'infini_rag_flow', 'host': 'oceanbase', 'port': 2881}}
	seekdb: {'scheme': 'oceanbase', 'config': {'db_name': 'ragflow_doc', 'user': 'root', 'password': 'infini_rag_flow', 'host': 'seekdb', 'port': 2881}}
	redis: {'db': 1, 'username': '', 'password': '********', 'host': 'redis:6379'}
	user_default_llm: {'default_models': {'embedding_model': {'api_key': 'xxx', 'base_url': 'http://tei:80'}}}
2026-06-11 15:54:43,891 INFO     3134 GET http://es01:9200/ [status:200 duration:0.004s]
2026-06-11 15:54:43,893 INFO     3134 HEAD http://es01:9200/ [status:200 duration:0.001s]
2026-06-11 15:54:43,893 INFO     3134 Use Elasticsearch http://es01:9200 as the doc engine.
2026-06-11 15:54:43,894 INFO     3134 Elasticsearch http://es01:9200 is healthy.
2026-06-11 15:54:43,894 INFO     3134 Use Elasticsearch http://es01:9200 as the doc engine.
2026-06-11 15:54:43,895 INFO     3134 Elasticsearch http://es01:9200 is healthy.
2026-06-11 15:54:43,897 WARNING  3134 Load term.freq FAIL!
2026-06-11 15:55:03,303 INFO     3236 data_sync_0 log path: /ragflow/logs/data_sync_0.log, log levels: {'peewee': 'WARNING', 'pdfminer': 'WARNING', 'root': 'INFO'}
2026-06-11 15:55:03,304 INFO     3236 
  _____        _           _____
 |  __ \      | |         / ____|
 | |  | | __ _| |_ __ _  | (___  _   _ _ __   ___
 | |  | |/ _` | __/ _` |  \___ \| | | | '_ \ / __|
 | |__| | (_| | || (_| |  ____) | |_| | | | | (__
 |_____/ \__,_|\__\__,_| |_____/ \__, |_| |_|\___|
                                  __/ |
                                 |___/
    
2026-06-11 15:55:03,305 INFO     3236 RAGFlow data sync version: v0.25.6
2026-06-11 15:55:03,305 INFO     3236 Current configs, from /ragflow/conf/service_conf.yaml:
	ragflow: {'host': '0.0.0.0', 'http_port': 9380}
	admin: {'host': '0.0.0.0', 'http_port': 9381}
	mysql: {'name': 'rag_flow', 'user': 'root', 'password': '********', 'host': 'mysql', 'port': 3306, 'max_connections': 900, 'stale_timeout': 300, 'max_allowed_packet': 1073741824}
	minio: {'user': 'rag_flow', 'password': '********', 'host': 'minio:9000', 'bucket': '', 'prefix_path': ''}
	es: {'hosts': 'http://es01:9200', 'username': 'elastic', 'password': '********'}
	os: {'hosts': 'http://opensearch01:9201', 'username': 'admin', 'password': '********'}
	infinity: {'uri': 'infinity:23817', 'postgres_port': 5432, 'db_name': 'default_db'}
	oceanbase: {'scheme': 'oceanbase', 'config': {'db_name': 'ragflow_doc', 'user': 'root@ragflow', 'password': 'infini_rag_flow', 'host': 'oceanbase', 'port': 2881}}
	seekdb: {'scheme': 'oceanbase', 'config': {'db_name': 'ragflow_doc', 'user': 'root', 'password': 'infini_rag_flow', 'host': 'seekdb', 'port': 2881}}
	redis: {'db': 1, 'username': '', 'password': '********', 'host': 'redis:6379'}
	user_default_llm: {'default_models': {'embedding_model': {'api_key': 'xxx', 'base_url': 'http://tei:80'}}}
2026-06-11 15:55:03,312 INFO     3236 GET http://es01:9200/ [status:200 duration:0.004s]
2026-06-11 15:55:03,313 INFO     3236 HEAD http://es01:9200/ [status:200 duration:0.001s]
2026-06-11 15:55:03,314 INFO     3236 Use Elasticsearch http://es01:9200 as the doc engine.
2026-06-11 15:55:03,315 INFO     3236 Elasticsearch http://es01:9200 is healthy.
2026-06-11 15:55:03,315 INFO     3236 Use Elasticsearch http://es01:9200 as the doc engine.
2026-06-11 15:55:03,315 INFO     3236 Elasticsearch http://es01:9200 is healthy.
2026-06-11 15:55:03,318 WARNING  3236 Load term.freq FAIL!
2026-06-11 15:55:22,965 INFO     3370 data_sync_0 log path: /ragflow/logs/data_sync_0.log, log levels: {'peewee': 'WARNING', 'pdfminer': 'WARNING', 'root': 'INFO'}
2026-06-11 15:55:22,966 INFO     3370 
  _____        _           _____
 |  __ \      | |         / ____|
 | |  | | __ _| |_ __ _  | (___  _   _ _ __   ___
 | |  | |/ _` | __/ _` |  \___ \| | | | '_ \ / __|
 | |__| | (_| | || (_| |  ____) | |_| | | | | (__
 |_____/ \__,_|\__\__,_| |_____/ \__, |_| |_|\___|
                                  __/ |
                                 |___/
    
2026-06-11 15:55:22,967 INFO     3370 RAGFlow data sync version: v0.25.6
2026-06-11 15:55:22,967 INFO     3370 Current configs, from /ragflow/conf/service_conf.yaml:
	ragflow: {'host': '0.0.0.0', 'http_port': 9380}
	admin: {'host': '0.0.0.0', 'http_port': 9381}
	mysql: {'name': 'rag_flow', 'user': 'root', 'password': '********', 'host': 'mysql', 'port': 3306, 'max_connections': 900, 'stale_timeout': 300, 'max_allowed_packet': 1073741824}
	minio: {'user': 'rag_flow', 'password': '********', 'host': 'minio:9000', 'bucket': '', 'prefix_path': ''}
	es: {'hosts': 'http://es01:9200', 'username': 'elastic', 'password': '********'}
	os: {'hosts': 'http://opensearch01:9201', 'username': 'admin', 'password': '********'}
	infinity: {'uri': 'infinity:23817', 'postgres_port': 5432, 'db_name': 'default_db'}
	oceanbase: {'scheme': 'oceanbase', 'config': {'db_name': 'ragflow_doc', 'user': 'root@ragflow', 'password': 'infini_rag_flow', 'host': 'oceanbase', 'port': 2881}}
	seekdb: {'scheme': 'oceanbase', 'config': {'db_name': 'ragflow_doc', 'user': 'root', 'password': 'infini_rag_flow', 'host': 'seekdb', 'port': 2881}}
	redis: {'db': 1, 'username': '', 'password': '********', 'host': 'redis:6379'}
	user_default_llm: {'default_models': {'embedding_model': {'api_key': 'xxx', 'base_url': 'http://tei:80'}}}
2026-06-11 15:55:22,973 INFO     3370 GET http://es01:9200/ [status:200 duration:0.004s]
2026-06-11 15:55:22,974 INFO     3370 HEAD http://es01:9200/ [status:200 duration:0.001s]
2026-06-11 15:55:22,975 INFO     3370 Use Elasticsearch http://es01:9200 as the doc engine.
2026-06-11 15:55:22,975 INFO     3370 Elasticsearch http://es01:9200 is healthy.
2026-06-11 15:55:22,975 INFO     3370 Use Elasticsearch http://es01:9200 as the doc engine.
2026-06-11 15:55:22,976 INFO     3370 Elasticsearch http://es01:9200 is healthy.
2026-06-11 15:55:22,979 WARNING  3370 Load term.freq FAIL!
2026-06-11 15:55:43,095 INFO     3445 data_sync_0 log path: /ragflow/logs/data_sync_0.log, log levels: {'peewee': 'WARNING', 'pdfminer': 'WARNING', 'root': 'INFO'}
2026-06-11 15:55:43,096 INFO     3445 
  _____        _           _____
 |  __ \      | |         / ____|
 | |  | | __ _| |_ __ _  | (___  _   _ _ __   ___
 | |  | |/ _` | __/ _` |  \___ \| | | | '_ \ / __|
 | |__| | (_| | || (_| |  ____) | |_| | | | | (__
 |_____/ \__,_|\__\__,_| |_____/ \__, |_| |_|\___|
                                  __/ |
                                 |___/
    
2026-06-11 15:55:43,096 INFO     3445 RAGFlow data sync version: v0.25.6
2026-06-11 15:55:43,097 INFO     3445 Current configs, from /ragflow/conf/service_conf.yaml:
	ragflow: {'host': '0.0.0.0', 'http_port': 9380}
	admin: {'host': '0.0.0.0', 'http_port': 9381}
	mysql: {'name': 'rag_flow', 'user': 'root', 'password': '********', 'host': 'mysql', 'port': 3306, 'max_connections': 900, 'stale_timeout': 300, 'max_allowed_packet': 1073741824}
	minio: {'user': 'rag_flow', 'password': '********', 'host': 'minio:9000', 'bucket': '', 'prefix_path': ''}
	es: {'hosts': 'http://es01:9200', 'username': 'elastic', 'password': '********'}
	os: {'hosts': 'http://opensearch01:9201', 'username': 'admin', 'password': '********'}
	infinity: {'uri': 'infinity:23817', 'postgres_port': 5432, 'db_name': 'default_db'}
	oceanbase: {'scheme': 'oceanbase', 'config': {'db_name': 'ragflow_doc', 'user': 'root@ragflow', 'password': 'infini_rag_flow', 'host': 'oceanbase', 'port': 2881}}
	seekdb: {'scheme': 'oceanbase', 'config': {'db_name': 'ragflow_doc', 'user': 'root', 'password': 'infini_rag_flow', 'host': 'seekdb', 'port': 2881}}
	redis: {'db': 1, 'username': '', 'password': '********', 'host': 'redis:6379'}
	user_default_llm: {'default_models': {'embedding_model': {'api_key': 'xxx', 'base_url': 'http://tei:80'}}}
2026-06-11 15:55:43,103 INFO     3445 GET http://es01:9200/ [status:200 duration:0.004s]
2026-06-11 15:55:43,106 INFO     3445 HEAD http://es01:9200/ [status:200 duration:0.002s]
2026-06-11 15:55:43,106 INFO     3445 Use Elasticsearch http://es01:9200 as the doc engine.
2026-06-11 15:55:43,107 INFO     3445 Elasticsearch http://es01:9200 is healthy.
2026-06-11 15:55:43,107 INFO     3445 Use Elasticsearch http://es01:9200 as the doc engine.
2026-06-11 15:55:43,108 INFO     3445 Elasticsearch http://es01:9200 is healthy.
2026-06-11 15:55:43,111 WARNING  3445 Load term.freq FAIL!
2026-06-11 15:56:02,691 INFO     3580 data_sync_0 log path: /ragflow/logs/data_sync_0.log, log levels: {'peewee': 'WARNING', 'pdfminer': 'WARNING', 'root': 'INFO'}
2026-06-11 15:56:02,691 INFO     3580 
  _____        _           _____
 |  __ \      | |         / ____|
 | |  | | __ _| |_ __ _  | (___  _   _ _ __   ___
 | |  | |/ _` | __/ _` |  \___ \| | | | '_ \ / __|
 | |__| | (_| | || (_| |  ____) | |_| | | | | (__
 |_____/ \__,_|\__\__,_| |_____/ \__, |_| |_|\___|
                                  __/ |
                                 |___/
    
2026-06-11 15:56:02,692 INFO     3580 RAGFlow data sync version: v0.25.6
2026-06-11 15:56:02,692 INFO     3580 Current configs, from /ragflow/conf/service_conf.yaml:
	ragflow: {'host': '0.0.0.0', 'http_port': 9380}
	admin: {'host': '0.0.0.0', 'http_port': 9381}
	mysql: {'name': 'rag_flow', 'user': 'root', 'password': '********', 'host': 'mysql', 'port': 3306, 'max_connections': 900, 'stale_timeout': 300, 'max_allowed_packet': 1073741824}
	minio: {'user': 'rag_flow', 'password': '********', 'host': 'minio:9000', 'bucket': '', 'prefix_path': ''}
	es: {'hosts': 'http://es01:9200', 'username': 'elastic', 'password': '********'}
	os: {'hosts': 'http://opensearch01:9201', 'username': 'admin', 'password': '********'}
	infinity: {'uri': 'infinity:23817', 'postgres_port': 5432, 'db_name': 'default_db'}
	oceanbase: {'scheme': 'oceanbase', 'config': {'db_name': 'ragflow_doc', 'user': 'root@ragflow', 'password': 'infini_rag_flow', 'host': 'oceanbase', 'port': 2881}}
	seekdb: {'scheme': 'oceanbase', 'config': {'db_name': 'ragflow_doc', 'user': 'root', 'password': 'infini_rag_flow', 'host': 'seekdb', 'port': 2881}}
	redis: {'db': 1, 'username': '', 'password': '********', 'host': 'redis:6379'}
	user_default_llm: {'default_models': {'embedding_model': {'api_key': 'xxx', 'base_url': 'http://tei:80'}}}
2026-06-11 15:56:02,698 INFO     3580 GET http://es01:9200/ [status:200 duration:0.004s]
2026-06-11 15:56:02,700 INFO     3580 HEAD http://es01:9200/ [status:200 duration:0.001s]
2026-06-11 15:56:02,701 INFO     3580 Use Elasticsearch http://es01:9200 as the doc engine.
2026-06-11 15:56:02,701 INFO     3580 Elasticsearch http://es01:9200 is healthy.
2026-06-11 15:56:02,702 INFO     3580 Use Elasticsearch http://es01:9200 as the doc engine.
2026-06-11 15:56:02,702 INFO     3580 Elasticsearch http://es01:9200 is healthy.
2026-06-11 15:56:02,706 WARNING  3580 Load term.freq FAIL!
2026-06-11 15:56:21,901 INFO     3681 data_sync_0 log path: /ragflow/logs/data_sync_0.log, log levels: {'peewee': 'WARNING', 'pdfminer': 'WARNING', 'root': 'INFO'}
2026-06-11 15:56:21,901 INFO     3681 
  _____        _           _____
 |  __ \      | |         / ____|
 | |  | | __ _| |_ __ _  | (___  _   _ _ __   ___
 | |  | |/ _` | __/ _` |  \___ \| | | | '_ \ / __|
 | |__| | (_| | || (_| |  ____) | |_| | | | | (__
 |_____/ \__,_|\__\__,_| |_____/ \__, |_| |_|\___|
                                  __/ |
                                 |___/
    
2026-06-11 15:56:21,902 INFO     3681 RAGFlow data sync version: v0.25.6
2026-06-11 15:56:21,902 INFO     3681 Current configs, from /ragflow/conf/service_conf.yaml:
	ragflow: {'host': '0.0.0.0', 'http_port': 9380}
	admin: {'host': '0.0.0.0', 'http_port': 9381}
	mysql: {'name': 'rag_flow', 'user': 'root', 'password': '********', 'host': 'mysql', 'port': 3306, 'max_connections': 900, 'stale_timeout': 300, 'max_allowed_packet': 1073741824}
	minio: {'user': 'rag_flow', 'password': '********', 'host': 'minio:9000', 'bucket': '', 'prefix_path': ''}
	es: {'hosts': 'http://es01:9200', 'username': 'elastic', 'password': '********'}
	os: {'hosts': 'http://opensearch01:9201', 'username': 'admin', 'password': '********'}
	infinity: {'uri': 'infinity:23817', 'postgres_port': 5432, 'db_name': 'default_db'}
	oceanbase: {'scheme': 'oceanbase', 'config': {'db_name': 'ragflow_doc', 'user': 'root@ragflow', 'password': 'infini_rag_flow', 'host': 'oceanbase', 'port': 2881}}
	seekdb: {'scheme': 'oceanbase', 'config': {'db_name': 'ragflow_doc', 'user': 'root', 'password': 'infini_rag_flow', 'host': 'seekdb', 'port': 2881}}
	redis: {'db': 1, 'username': '', 'password': '********', 'host': 'redis:6379'}
	user_default_llm: {'default_models': {'embedding_model': {'api_key': 'xxx', 'base_url': 'http://tei:80'}}}
2026-06-11 15:56:21,908 INFO     3681 GET http://es01:9200/ [status:200 duration:0.004s]
2026-06-11 15:56:21,911 INFO     3681 HEAD http://es01:9200/ [status:200 duration:0.002s]
2026-06-11 15:56:21,911 INFO     3681 Use Elasticsearch http://es01:9200 as the doc engine.
2026-06-11 15:56:21,911 INFO     3681 Elasticsearch http://es01:9200 is healthy.
2026-06-11 15:56:21,912 INFO     3681 Use Elasticsearch http://es01:9200 as the doc engine.
2026-06-11 15:56:21,912 INFO     3681 Elasticsearch http://es01:9200 is healthy.
2026-06-11 15:56:21,915 WARNING  3681 Load term.freq FAIL!
2026-06-11 15:56:41,179 INFO     3756 data_sync_0 log path: /ragflow/logs/data_sync_0.log, log levels: {'peewee': 'WARNING', 'pdfminer': 'WARNING', 'root': 'INFO'}
2026-06-11 15:56:41,180 INFO     3756 
  _____        _           _____
 |  __ \      | |         / ____|
 | |  | | __ _| |_ __ _  | (___  _   _ _ __   ___
 | |  | |/ _` | __/ _` |  \___ \| | | | '_ \ / __|
 | |__| | (_| | || (_| |  ____) | |_| | | | | (__
 |_____/ \__,_|\__\__,_| |_____/ \__, |_| |_|\___|
                                  __/ |
                                 |___/
    
2026-06-11 15:56:41,180 INFO     3756 RAGFlow data sync version: v0.25.6
2026-06-11 15:56:41,181 INFO     3756 Current configs, from /ragflow/conf/service_conf.yaml:
	ragflow: {'host': '0.0.0.0', 'http_port': 9380}
	admin: {'host': '0.0.0.0', 'http_port': 9381}
	mysql: {'name': 'rag_flow', 'user': 'root', 'password': '********', 'host': 'mysql', 'port': 3306, 'max_connections': 900, 'stale_timeout': 300, 'max_allowed_packet': 1073741824}
	minio: {'user': 'rag_flow', 'password': '********', 'host': 'minio:9000', 'bucket': '', 'prefix_path': ''}
	es: {'hosts': 'http://es01:9200', 'username': 'elastic', 'password': '********'}
	os: {'hosts': 'http://opensearch01:9201', 'username': 'admin', 'password': '********'}
	infinity: {'uri': 'infinity:23817', 'postgres_port': 5432, 'db_name': 'default_db'}
	oceanbase: {'scheme': 'oceanbase', 'config': {'db_name': 'ragflow_doc', 'user': 'root@ragflow', 'password': 'infini_rag_flow', 'host': 'oceanbase', 'port': 2881}}
	seekdb: {'scheme': 'oceanbase', 'config': {'db_name': 'ragflow_doc', 'user': 'root', 'password': 'infini_rag_flow', 'host': 'seekdb', 'port': 2881}}
	redis: {'db': 1, 'username': '', 'password': '********', 'host': 'redis:6379'}
	user_default_llm: {'default_models': {'embedding_model': {'api_key': 'xxx', 'base_url': 'http://tei:80'}}}
2026-06-11 15:56:41,188 INFO     3756 GET http://es01:9200/ [status:200 duration:0.005s]
2026-06-11 15:56:41,190 INFO     3756 HEAD http://es01:9200/ [status:200 duration:0.002s]
2026-06-11 15:56:41,191 INFO     3756 Use Elasticsearch http://es01:9200 as the doc engine.
2026-06-11 15:56:41,191 INFO     3756 Elasticsearch http://es01:9200 is healthy.
2026-06-11 15:56:41,191 INFO     3756 Use Elasticsearch http://es01:9200 as the doc engine.
2026-06-11 15:56:41,192 INFO     3756 Elasticsearch http://es01:9200 is healthy.
2026-06-11 15:56:41,195 WARNING  3756 Load term.freq FAIL!
2026-06-11 15:57:01,596 INFO     3860 data_sync_0 log path: /ragflow/logs/data_sync_0.log, log levels: {'peewee': 'WARNING', 'pdfminer': 'WARNING', 'root': 'INFO'}
2026-06-11 15:57:01,597 INFO     3860 
  _____        _           _____
 |  __ \      | |         / ____|
 | |  | | __ _| |_ __ _  | (___  _   _ _ __   ___
 | |  | |/ _` | __/ _` |  \___ \| | | | '_ \ / __|
 | |__| | (_| | || (_| |  ____) | |_| | | | | (__
 |_____/ \__,_|\__\__,_| |_____/ \__, |_| |_|\___|
                                  __/ |
                                 |___/
    
2026-06-11 15:57:01,597 INFO     3860 RAGFlow data sync version: v0.25.6
2026-06-11 15:57:01,597 INFO     3860 Current configs, from /ragflow/conf/service_conf.yaml:
	ragflow: {'host': '0.0.0.0', 'http_port': 9380}
	admin: {'host': '0.0.0.0', 'http_port': 9381}
	mysql: {'name': 'rag_flow', 'user': 'root', 'password': '********', 'host': 'mysql', 'port': 3306, 'max_connections': 900, 'stale_timeout': 300, 'max_allowed_packet': 1073741824}
	minio: {'user': 'rag_flow', 'password': '********', 'host': 'minio:9000', 'bucket': '', 'prefix_path': ''}
	es: {'hosts': 'http://es01:9200', 'username': 'elastic', 'password': '********'}
	os: {'hosts': 'http://opensearch01:9201', 'username': 'admin', 'password': '********'}
	infinity: {'uri': 'infinity:23817', 'postgres_port': 5432, 'db_name': 'default_db'}
	oceanbase: {'scheme': 'oceanbase', 'config': {'db_name': 'ragflow_doc', 'user': 'root@ragflow', 'password': 'infini_rag_flow', 'host': 'oceanbase', 'port': 2881}}
	seekdb: {'scheme': 'oceanbase', 'config': {'db_name': 'ragflow_doc', 'user': 'root', 'password': 'infini_rag_flow', 'host': 'seekdb', 'port': 2881}}
	redis: {'db': 1, 'username': '', 'password': '********', 'host': 'redis:6379'}
	user_default_llm: {'default_models': {'embedding_model': {'api_key': 'xxx', 'base_url': 'http://tei:80'}}}
2026-06-11 15:57:01,604 INFO     3860 GET http://es01:9200/ [status:200 duration:0.004s]
2026-06-11 15:57:01,606 INFO     3860 HEAD http://es01:9200/ [status:200 duration:0.001s]
2026-06-11 15:57:01,607 INFO     3860 Use Elasticsearch http://es01:9200 as the doc engine.
2026-06-11 15:57:01,607 INFO     3860 Elasticsearch http://es01:9200 is healthy.
2026-06-11 15:57:01,607 INFO     3860 Use Elasticsearch http://es01:9200 as the doc engine.
2026-06-11 15:57:01,607 INFO     3860 Elasticsearch http://es01:9200 is healthy.
2026-06-11 15:57:01,610 WARNING  3860 Load term.freq FAIL!
2026-06-11 18:30:54,714 INFO     58 data_sync_0 log path: /ragflow/logs/data_sync_0.log, log levels: {'peewee': 'WARNING', 'pdfminer': 'WARNING', 'root': 'INFO'}
2026-06-11 18:30:54,716 INFO     58 
  _____        _           _____
 |  __ \      | |         / ____|
 | |  | | __ _| |_ __ _  | (___  _   _ _ __   ___
 | |  | |/ _` | __/ _` |  \___ \| | | | '_ \ / __|
 | |__| | (_| | || (_| |  ____) | |_| | | | | (__
 |_____/ \__,_|\__\__,_| |_____/ \__, |_| |_|\___|
                                  __/ |
                                 |___/
    
2026-06-11 18:30:54,717 INFO     58 RAGFlow data sync version: v0.25.6
2026-06-11 18:30:54,717 INFO     58 Current configs, from /ragflow/conf/service_conf.yaml:
	ragflow: {'host': '0.0.0.0', 'http_port': 9380}
	admin: {'host': '0.0.0.0', 'http_port': 9381}
	mysql: {'name': 'rag_flow', 'user': 'root', 'password': '********', 'host': 'mysql', 'port': 3306, 'max_connections': 900, 'stale_timeout': 300, 'max_allowed_packet': 1073741824}
	minio: {'user': 'rag_flow', 'password': '********', 'host': 'minio:9000', 'bucket': '', 'prefix_path': ''}
	es: {'hosts': 'http://es01:9200', 'username': 'elastic', 'password': '********'}
	os: {'hosts': 'http://opensearch01:9201', 'username': 'admin', 'password': '********'}
	infinity: {'uri': 'infinity:23817', 'postgres_port': 5432, 'db_name': 'default_db'}
	oceanbase: {'scheme': 'oceanbase', 'config': {'db_name': 'ragflow_doc', 'user': 'root@ragflow', 'password': 'infini_rag_flow', 'host': 'oceanbase', 'port': 2881}}
	seekdb: {'scheme': 'oceanbase', 'config': {'db_name': 'ragflow_doc', 'user': 'root', 'password': 'infini_rag_flow', 'host': 'seekdb', 'port': 2881}}
	redis: {'db': 1, 'username': '', 'password': '********', 'host': 'redis:6379'}
	user_default_llm: {'default_models': {'embedding_model': {'api_key': 'xxx', 'base_url': 'http://tei:80'}}}
2026-06-11 18:30:54,737 INFO     58 GET http://es01:9200/ [status:200 duration:0.014s]
2026-06-11 18:30:54,740 INFO     58 HEAD http://es01:9200/ [status:200 duration:0.003s]
2026-06-11 18:30:54,740 INFO     58 Use Elasticsearch http://es01:9200 as the doc engine.
2026-06-11 18:30:54,741 INFO     58 Elasticsearch http://es01:9200 is healthy.
2026-06-11 18:30:54,741 INFO     58 Use Elasticsearch http://es01:9200 as the doc engine.
2026-06-11 18:30:54,742 INFO     58 Elasticsearch http://es01:9200 is healthy.
2026-06-11 18:30:54,753 WARNING  58 Load term.freq FAIL!
2026-06-11 18:31:19,371 INFO     297 data_sync_0 log path: /ragflow/logs/data_sync_0.log, log levels: {'peewee': 'WARNING', 'pdfminer': 'WARNING', 'root': 'INFO'}
2026-06-11 18:31:19,372 INFO     297 
  _____        _           _____
 |  __ \      | |         / ____|
 | |  | | __ _| |_ __ _  | (___  _   _ _ __   ___
 | |  | |/ _` | __/ _` |  \___ \| | | | '_ \ / __|
 | |__| | (_| | || (_| |  ____) | |_| | | | | (__
 |_____/ \__,_|\__\__,_| |_____/ \__, |_| |_|\___|
                                  __/ |
                                 |___/
    
2026-06-11 18:31:19,372 INFO     297 RAGFlow data sync version: v0.25.6
2026-06-11 18:31:19,373 INFO     297 Current configs, from /ragflow/conf/service_conf.yaml:
	ragflow: {'host': '0.0.0.0', 'http_port': 9380}
	admin: {'host': '0.0.0.0', 'http_port': 9381}
	mysql: {'name': 'rag_flow', 'user': 'root', 'password': '********', 'host': 'mysql', 'port': 3306, 'max_connections': 900, 'stale_timeout': 300, 'max_allowed_packet': 1073741824}
	minio: {'user': 'rag_flow', 'password': '********', 'host': 'minio:9000', 'bucket': '', 'prefix_path': ''}
	es: {'hosts': 'http://es01:9200', 'username': 'elastic', 'password': '********'}
	os: {'hosts': 'http://opensearch01:9201', 'username': 'admin', 'password': '********'}
	infinity: {'uri': 'infinity:23817', 'postgres_port': 5432, 'db_name': 'default_db'}
	oceanbase: {'scheme': 'oceanbase', 'config': {'db_name': 'ragflow_doc', 'user': 'root@ragflow', 'password': 'infini_rag_flow', 'host': 'oceanbase', 'port': 2881}}
	seekdb: {'scheme': 'oceanbase', 'config': {'db_name': 'ragflow_doc', 'user': 'root', 'password': 'infini_rag_flow', 'host': 'seekdb', 'port': 2881}}
	redis: {'db': 1, 'username': '', 'password': '********', 'host': 'redis:6379'}
	user_default_llm: {'default_models': {'embedding_model': {'api_key': 'xxx', 'base_url': 'http://tei:80'}}}
2026-06-11 18:31:19,383 INFO     297 GET http://es01:9200/ [status:200 duration:0.007s]
2026-06-11 18:31:19,387 INFO     297 HEAD http://es01:9200/ [status:200 duration:0.003s]
2026-06-11 18:31:19,387 INFO     297 Use Elasticsearch http://es01:9200 as the doc engine.
2026-06-11 18:31:19,387 INFO     297 Elasticsearch http://es01:9200 is healthy.
2026-06-11 18:31:19,388 INFO     297 Use Elasticsearch http://es01:9200 as the doc engine.
2026-06-11 18:31:19,388 INFO     297 Elasticsearch http://es01:9200 is healthy.
2026-06-11 18:31:19,392 WARNING  297 Load term.freq FAIL!
2026-06-11 18:31:44,029 INFO     370 data_sync_0 log path: /ragflow/logs/data_sync_0.log, log levels: {'peewee': 'WARNING', 'pdfminer': 'WARNING', 'root': 'INFO'}
2026-06-11 18:31:44,030 INFO     370 
  _____        _           _____
 |  __ \      | |         / ____|
 | |  | | __ _| |_ __ _  | (___  _   _ _ __   ___
 | |  | |/ _` | __/ _` |  \___ \| | | | '_ \ / __|
 | |__| | (_| | || (_| |  ____) | |_| | | | | (__
 |_____/ \__,_|\__\__,_| |_____/ \__, |_| |_|\___|
                                  __/ |
                                 |___/
    
2026-06-11 18:31:44,030 INFO     370 RAGFlow data sync version: v0.25.6
2026-06-11 18:31:44,030 INFO     370 Current configs, from /ragflow/conf/service_conf.yaml:
	ragflow: {'host': '0.0.0.0', 'http_port': 9380}
	admin: {'host': '0.0.0.0', 'http_port': 9381}
	mysql: {'name': 'rag_flow', 'user': 'root', 'password': '********', 'host': 'mysql', 'port': 3306, 'max_connections': 900, 'stale_timeout': 300, 'max_allowed_packet': 1073741824}
	minio: {'user': 'rag_flow', 'password': '********', 'host': 'minio:9000', 'bucket': '', 'prefix_path': ''}
	es: {'hosts': 'http://es01:9200', 'username': 'elastic', 'password': '********'}
	os: {'hosts': 'http://opensearch01:9201', 'username': 'admin', 'password': '********'}
	infinity: {'uri': 'infinity:23817', 'postgres_port': 5432, 'db_name': 'default_db'}
	oceanbase: {'scheme': 'oceanbase', 'config': {'db_name': 'ragflow_doc', 'user': 'root@ragflow', 'password': 'infini_rag_flow', 'host': 'oceanbase', 'port': 2881}}
	seekdb: {'scheme': 'oceanbase', 'config': {'db_name': 'ragflow_doc', 'user': 'root', 'password': 'infini_rag_flow', 'host': 'seekdb', 'port': 2881}}
	redis: {'db': 1, 'username': '', 'password': '********', 'host': 'redis:6379'}
	user_default_llm: {'default_models': {'embedding_model': {'api_key': 'xxx', 'base_url': 'http://tei:80'}}}
2026-06-11 18:31:44,041 INFO     370 GET http://es01:9200/ [status:200 duration:0.007s]
2026-06-11 18:31:44,043 INFO     370 HEAD http://es01:9200/ [status:200 duration:0.002s]
2026-06-11 18:31:44,043 INFO     370 Use Elasticsearch http://es01:9200 as the doc engine.
2026-06-11 18:31:44,044 INFO     370 Elasticsearch http://es01:9200 is healthy.
2026-06-11 18:31:44,044 INFO     370 Use Elasticsearch http://es01:9200 as the doc engine.
2026-06-11 18:31:44,044 INFO     370 Elasticsearch http://es01:9200 is healthy.
2026-06-11 18:31:44,048 WARNING  370 Load term.freq FAIL!
2026-06-11 18:32:08,472 INFO     471 data_sync_0 log path: /ragflow/logs/data_sync_0.log, log levels: {'peewee': 'WARNING', 'pdfminer': 'WARNING', 'root': 'INFO'}
2026-06-11 18:32:08,473 INFO     471 
  _____        _           _____
 |  __ \      | |         / ____|
 | |  | | __ _| |_ __ _  | (___  _   _ _ __   ___
 | |  | |/ _` | __/ _` |  \___ \| | | | '_ \ / __|
 | |__| | (_| | || (_| |  ____) | |_| | | | | (__
 |_____/ \__,_|\__\__,_| |_____/ \__, |_| |_|\___|
                                  __/ |
                                 |___/
    
2026-06-11 18:32:08,473 INFO     471 RAGFlow data sync version: v0.25.6
2026-06-11 18:32:08,474 INFO     471 Current configs, from /ragflow/conf/service_conf.yaml:
	ragflow: {'host': '0.0.0.0', 'http_port': 9380}
	admin: {'host': '0.0.0.0', 'http_port': 9381}
	mysql: {'name': 'rag_flow', 'user': 'root', 'password': '********', 'host': 'mysql', 'port': 3306, 'max_connections': 900, 'stale_timeout': 300, 'max_allowed_packet': 1073741824}
	minio: {'user': 'rag_flow', 'password': '********', 'host': 'minio:9000', 'bucket': '', 'prefix_path': ''}
	es: {'hosts': 'http://es01:9200', 'username': 'elastic', 'password': '********'}
	os: {'hosts': 'http://opensearch01:9201', 'username': 'admin', 'password': '********'}
	infinity: {'uri': 'infinity:23817', 'postgres_port': 5432, 'db_name': 'default_db'}
	oceanbase: {'scheme': 'oceanbase', 'config': {'db_name': 'ragflow_doc', 'user': 'root@ragflow', 'password': 'infini_rag_flow', 'host': 'oceanbase', 'port': 2881}}
	seekdb: {'scheme': 'oceanbase', 'config': {'db_name': 'ragflow_doc', 'user': 'root', 'password': 'infini_rag_flow', 'host': 'seekdb', 'port': 2881}}
	redis: {'db': 1, 'username': '', 'password': '********', 'host': 'redis:6379'}
	user_default_llm: {'default_models': {'embedding_model': {'api_key': 'xxx', 'base_url': 'http://tei:80'}}}
2026-06-11 18:32:08,485 INFO     471 GET http://es01:9200/ [status:200 duration:0.008s]
2026-06-11 18:32:08,488 INFO     471 HEAD http://es01:9200/ [status:200 duration:0.002s]
2026-06-11 18:32:08,488 INFO     471 Use Elasticsearch http://es01:9200 as the doc engine.
2026-06-11 18:32:08,488 INFO     471 Elasticsearch http://es01:9200 is healthy.
2026-06-11 18:32:08,489 INFO     471 Use Elasticsearch http://es01:9200 as the doc engine.
2026-06-11 18:32:08,489 INFO     471 Elasticsearch http://es01:9200 is healthy.
2026-06-11 18:32:08,495 WARNING  471 Load term.freq FAIL!
2026-06-11 18:32:31,847 INFO     608 data_sync_0 log path: /ragflow/logs/data_sync_0.log, log levels: {'peewee': 'WARNING', 'pdfminer': 'WARNING', 'root': 'INFO'}
2026-06-11 18:32:31,848 INFO     608 
  _____        _           _____
 |  __ \      | |         / ____|
 | |  | | __ _| |_ __ _  | (___  _   _ _ __   ___
 | |  | |/ _` | __/ _` |  \___ \| | | | '_ \ / __|
 | |__| | (_| | || (_| |  ____) | |_| | | | | (__
 |_____/ \__,_|\__\__,_| |_____/ \__, |_| |_|\___|
                                  __/ |
                                 |___/
    
2026-06-11 18:32:31,848 INFO     608 RAGFlow data sync version: v0.25.6
2026-06-11 18:32:31,848 INFO     608 Current configs, from /ragflow/conf/service_conf.yaml:
	ragflow: {'host': '0.0.0.0', 'http_port': 9380}
	admin: {'host': '0.0.0.0', 'http_port': 9381}
	mysql: {'name': 'rag_flow', 'user': 'root', 'password': '********', 'host': 'mysql', 'port': 3306, 'max_connections': 900, 'stale_timeout': 300, 'max_allowed_packet': 1073741824}
	minio: {'user': 'rag_flow', 'password': '********', 'host': 'minio:9000', 'bucket': '', 'prefix_path': ''}
	es: {'hosts': 'http://es01:9200', 'username': 'elastic', 'password': '********'}
	os: {'hosts': 'http://opensearch01:9201', 'username': 'admin', 'password': '********'}
	infinity: {'uri': 'infinity:23817', 'postgres_port': 5432, 'db_name': 'default_db'}
	oceanbase: {'scheme': 'oceanbase', 'config': {'db_name': 'ragflow_doc', 'user': 'root@ragflow', 'password': 'infini_rag_flow', 'host': 'oceanbase', 'port': 2881}}
	seekdb: {'scheme': 'oceanbase', 'config': {'db_name': 'ragflow_doc', 'user': 'root', 'password': 'infini_rag_flow', 'host': 'seekdb', 'port': 2881}}
	redis: {'db': 1, 'username': '', 'password': '********', 'host': 'redis:6379'}
	user_default_llm: {'default_models': {'embedding_model': {'api_key': 'xxx', 'base_url': 'http://tei:80'}}}
2026-06-11 18:32:31,856 INFO     608 GET http://es01:9200/ [status:200 duration:0.006s]
2026-06-11 18:32:31,859 INFO     608 HEAD http://es01:9200/ [status:200 duration:0.002s]
2026-06-11 18:32:31,859 INFO     608 Use Elasticsearch http://es01:9200 as the doc engine.
2026-06-11 18:32:31,860 INFO     608 Elasticsearch http://es01:9200 is healthy.
2026-06-11 18:32:31,860 INFO     608 Use Elasticsearch http://es01:9200 as the doc engine.
2026-06-11 18:32:31,860 INFO     608 Elasticsearch http://es01:9200 is healthy.
2026-06-11 18:32:31,863 WARNING  608 Load term.freq FAIL!
2026-06-11 18:32:55,237 INFO     683 data_sync_0 log path: /ragflow/logs/data_sync_0.log, log levels: {'peewee': 'WARNING', 'pdfminer': 'WARNING', 'root': 'INFO'}
2026-06-11 18:32:55,238 INFO     683 
  _____        _           _____
 |  __ \      | |         / ____|
 | |  | | __ _| |_ __ _  | (___  _   _ _ __   ___
 | |  | |/ _` | __/ _` |  \___ \| | | | '_ \ / __|
 | |__| | (_| | || (_| |  ____) | |_| | | | | (__
 |_____/ \__,_|\__\__,_| |_____/ \__, |_| |_|\___|
                                  __/ |
                                 |___/
    
2026-06-11 18:32:55,238 INFO     683 RAGFlow data sync version: v0.25.6
2026-06-11 18:32:55,239 INFO     683 Current configs, from /ragflow/conf/service_conf.yaml:
	ragflow: {'host': '0.0.0.0', 'http_port': 9380}
	admin: {'host': '0.0.0.0', 'http_port': 9381}
	mysql: {'name': 'rag_flow', 'user': 'root', 'password': '********', 'host': 'mysql', 'port': 3306, 'max_connections': 900, 'stale_timeout': 300, 'max_allowed_packet': 1073741824}
	minio: {'user': 'rag_flow', 'password': '********', 'host': 'minio:9000', 'bucket': '', 'prefix_path': ''}
	es: {'hosts': 'http://es01:9200', 'username': 'elastic', 'password': '********'}
	os: {'hosts': 'http://opensearch01:9201', 'username': 'admin', 'password': '********'}
	infinity: {'uri': 'infinity:23817', 'postgres_port': 5432, 'db_name': 'default_db'}
	oceanbase: {'scheme': 'oceanbase', 'config': {'db_name': 'ragflow_doc', 'user': 'root@ragflow', 'password': 'infini_rag_flow', 'host': 'oceanbase', 'port': 2881}}
	seekdb: {'scheme': 'oceanbase', 'config': {'db_name': 'ragflow_doc', 'user': 'root', 'password': 'infini_rag_flow', 'host': 'seekdb', 'port': 2881}}
	redis: {'db': 1, 'username': '', 'password': '********', 'host': 'redis:6379'}
	user_default_llm: {'default_models': {'embedding_model': {'api_key': 'xxx', 'base_url': 'http://tei:80'}}}
2026-06-11 18:32:55,247 INFO     683 GET http://es01:9200/ [status:200 duration:0.005s]
2026-06-11 18:32:55,250 INFO     683 HEAD http://es01:9200/ [status:200 duration:0.003s]
2026-06-11 18:32:55,251 INFO     683 Use Elasticsearch http://es01:9200 as the doc engine.
2026-06-11 18:32:55,251 INFO     683 Elasticsearch http://es01:9200 is healthy.
2026-06-11 18:32:55,251 INFO     683 Use Elasticsearch http://es01:9200 as the doc engine.
2026-06-11 18:32:55,252 INFO     683 Elasticsearch http://es01:9200 is healthy.
2026-06-11 18:32:55,255 WARNING  683 Load term.freq FAIL!
2026-06-11 18:33:18,548 INFO     819 data_sync_0 log path: /ragflow/logs/data_sync_0.log, log levels: {'peewee': 'WARNING', 'pdfminer': 'WARNING', 'root': 'INFO'}
2026-06-11 18:33:18,549 INFO     819 
  _____        _           _____
 |  __ \      | |         / ____|
 | |  | | __ _| |_ __ _  | (___  _   _ _ __   ___
 | |  | |/ _` | __/ _` |  \___ \| | | | '_ \ / __|
 | |__| | (_| | || (_| |  ____) | |_| | | | | (__
 |_____/ \__,_|\__\__,_| |_____/ \__, |_| |_|\___|
                                  __/ |
                                 |___/
    
2026-06-11 18:33:18,549 INFO     819 RAGFlow data sync version: v0.25.6
2026-06-11 18:33:18,550 INFO     819 Current configs, from /ragflow/conf/service_conf.yaml:
	ragflow: {'host': '0.0.0.0', 'http_port': 9380}
	admin: {'host': '0.0.0.0', 'http_port': 9381}
	mysql: {'name': 'rag_flow', 'user': 'root', 'password': '********', 'host': 'mysql', 'port': 3306, 'max_connections': 900, 'stale_timeout': 300, 'max_allowed_packet': 1073741824}
	minio: {'user': 'rag_flow', 'password': '********', 'host': 'minio:9000', 'bucket': '', 'prefix_path': ''}
	es: {'hosts': 'http://es01:9200', 'username': 'elastic', 'password': '********'}
	os: {'hosts': 'http://opensearch01:9201', 'username': 'admin', 'password': '********'}
	infinity: {'uri': 'infinity:23817', 'postgres_port': 5432, 'db_name': 'default_db'}
	oceanbase: {'scheme': 'oceanbase', 'config': {'db_name': 'ragflow_doc', 'user': 'root@ragflow', 'password': 'infini_rag_flow', 'host': 'oceanbase', 'port': 2881}}
	seekdb: {'scheme': 'oceanbase', 'config': {'db_name': 'ragflow_doc', 'user': 'root', 'password': 'infini_rag_flow', 'host': 'seekdb', 'port': 2881}}
	redis: {'db': 1, 'username': '', 'password': '********', 'host': 'redis:6379'}
	user_default_llm: {'default_models': {'embedding_model': {'api_key': 'xxx', 'base_url': 'http://tei:80'}}}
2026-06-11 18:33:18,558 INFO     819 GET http://es01:9200/ [status:200 duration:0.005s]
2026-06-11 18:33:18,561 INFO     819 HEAD http://es01:9200/ [status:200 duration:0.002s]
2026-06-11 18:33:18,562 INFO     819 Use Elasticsearch http://es01:9200 as the doc engine.
2026-06-11 18:33:18,562 INFO     819 Elasticsearch http://es01:9200 is healthy.
2026-06-11 18:33:18,562 INFO     819 Use Elasticsearch http://es01:9200 as the doc engine.
2026-06-11 18:33:18,563 INFO     819 Elasticsearch http://es01:9200 is healthy.
2026-06-11 18:33:18,566 WARNING  819 Load term.freq FAIL!
2026-06-11 18:33:34,408 INFO     919 data_sync_0 log path: /ragflow/logs/data_sync_0.log, log levels: {'peewee': 'WARNING', 'pdfminer': 'WARNING', 'root': 'INFO'}
2026-06-11 18:33:34,409 INFO     919 
  _____        _           _____
 |  __ \      | |         / ____|
 | |  | | __ _| |_ __ _  | (___  _   _ _ __   ___
 | |  | |/ _` | __/ _` |  \___ \| | | | '_ \ / __|
 | |__| | (_| | || (_| |  ____) | |_| | | | | (__
 |_____/ \__,_|\__\__,_| |_____/ \__, |_| |_|\___|
                                  __/ |
                                 |___/
    
2026-06-11 18:33:34,409 INFO     919 RAGFlow data sync version: v0.25.6
2026-06-11 18:33:34,409 INFO     919 Current configs, from /ragflow/conf/service_conf.yaml:
	ragflow: {'host': '0.0.0.0', 'http_port': 9380}
	admin: {'host': '0.0.0.0', 'http_port': 9381}
	mysql: {'name': 'rag_flow', 'user': 'root', 'password': '********', 'host': 'mysql', 'port': 3306, 'max_connections': 900, 'stale_timeout': 300, 'max_allowed_packet': 1073741824}
	minio: {'user': 'rag_flow', 'password': '********', 'host': 'minio:9000', 'bucket': '', 'prefix_path': ''}
	es: {'hosts': 'http://es01:9200', 'username': 'elastic', 'password': '********'}
	os: {'hosts': 'http://opensearch01:9201', 'username': 'admin', 'password': '********'}
	infinity: {'uri': 'infinity:23817', 'postgres_port': 5432, 'db_name': 'default_db'}
	oceanbase: {'scheme': 'oceanbase', 'config': {'db_name': 'ragflow_doc', 'user': 'root@ragflow', 'password': 'infini_rag_flow', 'host': 'oceanbase', 'port': 2881}}
	seekdb: {'scheme': 'oceanbase', 'config': {'db_name': 'ragflow_doc', 'user': 'root', 'password': 'infini_rag_flow', 'host': 'seekdb', 'port': 2881}}
	redis: {'db': 1, 'username': '', 'password': '********', 'host': 'redis:6379'}
	user_default_llm: {'default_models': {'embedding_model': {'api_key': 'xxx', 'base_url': 'http://tei:80'}}}
2026-06-11 18:33:34,417 INFO     919 GET http://es01:9200/ [status:200 duration:0.005s]
2026-06-11 18:33:34,419 INFO     919 HEAD http://es01:9200/ [status:200 duration:0.001s]
2026-06-11 18:33:34,420 INFO     919 Use Elasticsearch http://es01:9200 as the doc engine.
2026-06-11 18:33:34,420 INFO     919 Elasticsearch http://es01:9200 is healthy.
2026-06-11 18:33:34,421 INFO     919 Use Elasticsearch http://es01:9200 as the doc engine.
2026-06-11 18:33:34,421 INFO     919 Elasticsearch http://es01:9200 is healthy.
2026-06-11 18:33:34,424 WARNING  919 Load term.freq FAIL!
2026-06-11 18:33:53,544 INFO     993 data_sync_0 log path: /ragflow/logs/data_sync_0.log, log levels: {'peewee': 'WARNING', 'pdfminer': 'WARNING', 'root': 'INFO'}
2026-06-11 18:33:53,545 INFO     993 
  _____        _           _____
 |  __ \      | |         / ____|
 | |  | | __ _| |_ __ _  | (___  _   _ _ __   ___
 | |  | |/ _` | __/ _` |  \___ \| | | | '_ \ / __|
 | |__| | (_| | || (_| |  ____) | |_| | | | | (__
 |_____/ \__,_|\__\__,_| |_____/ \__, |_| |_|\___|
                                  __/ |
                                 |___/
    
2026-06-11 18:33:53,546 INFO     993 RAGFlow data sync version: v0.25.6
2026-06-11 18:33:53,546 INFO     993 Current configs, from /ragflow/conf/service_conf.yaml:
	ragflow: {'host': '0.0.0.0', 'http_port': 9380}
	admin: {'host': '0.0.0.0', 'http_port': 9381}
	mysql: {'name': 'rag_flow', 'user': 'root', 'password': '********', 'host': 'mysql', 'port': 3306, 'max_connections': 900, 'stale_timeout': 300, 'max_allowed_packet': 1073741824}
	minio: {'user': 'rag_flow', 'password': '********', 'host': 'minio:9000', 'bucket': '', 'prefix_path': ''}
	es: {'hosts': 'http://es01:9200', 'username': 'elastic', 'password': '********'}
	os: {'hosts': 'http://opensearch01:9201', 'username': 'admin', 'password': '********'}
	infinity: {'uri': 'infinity:23817', 'postgres_port': 5432, 'db_name': 'default_db'}
	oceanbase: {'scheme': 'oceanbase', 'config': {'db_name': 'ragflow_doc', 'user': 'root@ragflow', 'password': 'infini_rag_flow', 'host': 'oceanbase', 'port': 2881}}
	seekdb: {'scheme': 'oceanbase', 'config': {'db_name': 'ragflow_doc', 'user': 'root', 'password': 'infini_rag_flow', 'host': 'seekdb', 'port': 2881}}
	redis: {'db': 1, 'username': '', 'password': '********', 'host': 'redis:6379'}
	user_default_llm: {'default_models': {'embedding_model': {'api_key': 'xxx', 'base_url': 'http://tei:80'}}}
2026-06-11 18:33:53,554 INFO     993 GET http://es01:9200/ [status:200 duration:0.005s]
2026-06-11 18:33:53,556 INFO     993 HEAD http://es01:9200/ [status:200 duration:0.002s]
2026-06-11 18:33:53,557 INFO     993 Use Elasticsearch http://es01:9200 as the doc engine.
2026-06-11 18:33:53,558 INFO     993 Elasticsearch http://es01:9200 is healthy.
2026-06-11 18:33:53,558 INFO     993 Use Elasticsearch http://es01:9200 as the doc engine.
2026-06-11 18:33:53,559 INFO     993 Elasticsearch http://es01:9200 is healthy.
2026-06-11 18:33:53,562 WARNING  993 Load term.freq FAIL!
2026-06-11 18:34:17,419 INFO     1093 data_sync_0 log path: /ragflow/logs/data_sync_0.log, log levels: {'peewee': 'WARNING', 'pdfminer': 'WARNING', 'root': 'INFO'}
2026-06-11 18:34:17,419 INFO     1093 
  _____        _           _____
 |  __ \      | |         / ____|
 | |  | | __ _| |_ __ _  | (___  _   _ _ __   ___
 | |  | |/ _` | __/ _` |  \___ \| | | | '_ \ / __|
 | |__| | (_| | || (_| |  ____) | |_| | | | | (__
 |_____/ \__,_|\__\__,_| |_____/ \__, |_| |_|\___|
                                  __/ |
                                 |___/
    
2026-06-11 18:34:17,420 INFO     1093 RAGFlow data sync version: v0.25.6
2026-06-11 18:34:17,420 INFO     1093 Current configs, from /ragflow/conf/service_conf.yaml:
	ragflow: {'host': '0.0.0.0', 'http_port': 9380}
	admin: {'host': '0.0.0.0', 'http_port': 9381}
	mysql: {'name': 'rag_flow', 'user': 'root', 'password': '********', 'host': 'mysql', 'port': 3306, 'max_connections': 900, 'stale_timeout': 300, 'max_allowed_packet': 1073741824}
	minio: {'user': 'rag_flow', 'password': '********', 'host': 'minio:9000', 'bucket': '', 'prefix_path': ''}
	es: {'hosts': 'http://es01:9200', 'username': 'elastic', 'password': '********'}
	os: {'hosts': 'http://opensearch01:9201', 'username': 'admin', 'password': '********'}
	infinity: {'uri': 'infinity:23817', 'postgres_port': 5432, 'db_name': 'default_db'}
	oceanbase: {'scheme': 'oceanbase', 'config': {'db_name': 'ragflow_doc', 'user': 'root@ragflow', 'password': 'infini_rag_flow', 'host': 'oceanbase', 'port': 2881}}
	seekdb: {'scheme': 'oceanbase', 'config': {'db_name': 'ragflow_doc', 'user': 'root', 'password': 'infini_rag_flow', 'host': 'seekdb', 'port': 2881}}
	redis: {'db': 1, 'username': '', 'password': '********', 'host': 'redis:6379'}
	user_default_llm: {'default_models': {'embedding_model': {'api_key': 'xxx', 'base_url': 'http://tei:80'}}}
2026-06-11 18:34:17,427 INFO     1093 GET http://es01:9200/ [status:200 duration:0.004s]
2026-06-11 18:34:17,429 INFO     1093 HEAD http://es01:9200/ [status:200 duration:0.001s]
2026-06-11 18:34:17,429 INFO     1093 Use Elasticsearch http://es01:9200 as the doc engine.
2026-06-11 18:34:17,430 INFO     1093 Elasticsearch http://es01:9200 is healthy.
2026-06-11 18:34:17,430 INFO     1093 Use Elasticsearch http://es01:9200 as the doc engine.
2026-06-11 18:34:17,430 INFO     1093 Elasticsearch http://es01:9200 is healthy.
2026-06-11 18:34:17,433 WARNING  1093 Load term.freq FAIL!
2026-06-11 18:34:40,679 INFO     1230 data_sync_0 log path: /ragflow/logs/data_sync_0.log, log levels: {'peewee': 'WARNING', 'pdfminer': 'WARNING', 'root': 'INFO'}
2026-06-11 18:34:40,679 INFO     1230 
  _____        _           _____
 |  __ \      | |         / ____|
 | |  | | __ _| |_ __ _  | (___  _   _ _ __   ___
 | |  | |/ _` | __/ _` |  \___ \| | | | '_ \ / __|
 | |__| | (_| | || (_| |  ____) | |_| | | | | (__
 |_____/ \__,_|\__\__,_| |_____/ \__, |_| |_|\___|
                                  __/ |
                                 |___/
    
2026-06-11 18:34:40,680 INFO     1230 RAGFlow data sync version: v0.25.6
2026-06-11 18:34:40,680 INFO     1230 Current configs, from /ragflow/conf/service_conf.yaml:
	ragflow: {'host': '0.0.0.0', 'http_port': 9380}
	admin: {'host': '0.0.0.0', 'http_port': 9381}
	mysql: {'name': 'rag_flow', 'user': 'root', 'password': '********', 'host': 'mysql', 'port': 3306, 'max_connections': 900, 'stale_timeout': 300, 'max_allowed_packet': 1073741824}
	minio: {'user': 'rag_flow', 'password': '********', 'host': 'minio:9000', 'bucket': '', 'prefix_path': ''}
	es: {'hosts': 'http://es01:9200', 'username': 'elastic', 'password': '********'}
	os: {'hosts': 'http://opensearch01:9201', 'username': 'admin', 'password': '********'}
	infinity: {'uri': 'infinity:23817', 'postgres_port': 5432, 'db_name': 'default_db'}
	oceanbase: {'scheme': 'oceanbase', 'config': {'db_name': 'ragflow_doc', 'user': 'root@ragflow', 'password': 'infini_rag_flow', 'host': 'oceanbase', 'port': 2881}}
	seekdb: {'scheme': 'oceanbase', 'config': {'db_name': 'ragflow_doc', 'user': 'root', 'password': 'infini_rag_flow', 'host': 'seekdb', 'port': 2881}}
	redis: {'db': 1, 'username': '', 'password': '********', 'host': 'redis:6379'}
	user_default_llm: {'default_models': {'embedding_model': {'api_key': 'xxx', 'base_url': 'http://tei:80'}}}
2026-06-11 18:34:40,687 INFO     1230 GET http://es01:9200/ [status:200 duration:0.005s]
2026-06-11 18:34:40,689 INFO     1230 HEAD http://es01:9200/ [status:200 duration:0.001s]
2026-06-11 18:34:40,689 INFO     1230 Use Elasticsearch http://es01:9200 as the doc engine.
2026-06-11 18:34:40,690 INFO     1230 Elasticsearch http://es01:9200 is healthy.
2026-06-11 18:34:40,690 INFO     1230 Use Elasticsearch http://es01:9200 as the doc engine.
2026-06-11 18:34:40,690 INFO     1230 Elasticsearch http://es01:9200 is healthy.
2026-06-11 18:34:40,693 WARNING  1230 Load term.freq FAIL!
2026-06-11 18:35:03,880 INFO     1367 data_sync_0 log path: /ragflow/logs/data_sync_0.log, log levels: {'peewee': 'WARNING', 'pdfminer': 'WARNING', 'root': 'INFO'}
2026-06-11 18:35:03,881 INFO     1367 
  _____        _           _____
 |  __ \      | |         / ____|
 | |  | | __ _| |_ __ _  | (___  _   _ _ __   ___
 | |  | |/ _` | __/ _` |  \___ \| | | | '_ \ / __|
 | |__| | (_| | || (_| |  ____) | |_| | | | | (__
 |_____/ \__,_|\__\__,_| |_____/ \__, |_| |_|\___|
                                  __/ |
                                 |___/
    
2026-06-11 18:35:03,881 INFO     1367 RAGFlow data sync version: v0.25.6
2026-06-11 18:35:03,882 INFO     1367 Current configs, from /ragflow/conf/service_conf.yaml:
	ragflow: {'host': '0.0.0.0', 'http_port': 9380}
	admin: {'host': '0.0.0.0', 'http_port': 9381}
	mysql: {'name': 'rag_flow', 'user': 'root', 'password': '********', 'host': 'mysql', 'port': 3306, 'max_connections': 900, 'stale_timeout': 300, 'max_allowed_packet': 1073741824}
	minio: {'user': 'rag_flow', 'password': '********', 'host': 'minio:9000', 'bucket': '', 'prefix_path': ''}
	es: {'hosts': 'http://es01:9200', 'username': 'elastic', 'password': '********'}
	os: {'hosts': 'http://opensearch01:9201', 'username': 'admin', 'password': '********'}
	infinity: {'uri': 'infinity:23817', 'postgres_port': 5432, 'db_name': 'default_db'}
	oceanbase: {'scheme': 'oceanbase', 'config': {'db_name': 'ragflow_doc', 'user': 'root@ragflow', 'password': 'infini_rag_flow', 'host': 'oceanbase', 'port': 2881}}
	seekdb: {'scheme': 'oceanbase', 'config': {'db_name': 'ragflow_doc', 'user': 'root', 'password': 'infini_rag_flow', 'host': 'seekdb', 'port': 2881}}
	redis: {'db': 1, 'username': '', 'password': '********', 'host': 'redis:6379'}
	user_default_llm: {'default_models': {'embedding_model': {'api_key': 'xxx', 'base_url': 'http://tei:80'}}}
2026-06-11 18:35:03,889 INFO     1367 GET http://es01:9200/ [status:200 duration:0.004s]
2026-06-11 18:35:03,891 INFO     1367 HEAD http://es01:9200/ [status:200 duration:0.001s]
2026-06-11 18:35:03,891 INFO     1367 Use Elasticsearch http://es01:9200 as the doc engine.
2026-06-11 18:35:03,892 INFO     1367 Elasticsearch http://es01:9200 is healthy.
2026-06-11 18:35:03,892 INFO     1367 Use Elasticsearch http://es01:9200 as the doc engine.
2026-06-11 18:35:03,892 INFO     1367 Elasticsearch http://es01:9200 is healthy.
2026-06-11 18:35:03,895 WARNING  1367 Load term.freq FAIL!
2026-06-11 18:35:27,116 INFO     1441 data_sync_0 log path: /ragflow/logs/data_sync_0.log, log levels: {'peewee': 'WARNING', 'pdfminer': 'WARNING', 'root': 'INFO'}
2026-06-11 18:35:27,116 INFO     1441 
  _____        _           _____
 |  __ \      | |         / ____|
 | |  | | __ _| |_ __ _  | (___  _   _ _ __   ___
 | |  | |/ _` | __/ _` |  \___ \| | | | '_ \ / __|
 | |__| | (_| | || (_| |  ____) | |_| | | | | (__
 |_____/ \__,_|\__\__,_| |_____/ \__, |_| |_|\___|
                                  __/ |
                                 |___/
    
2026-06-11 18:35:27,117 INFO     1441 RAGFlow data sync version: v0.25.6
2026-06-11 18:35:27,117 INFO     1441 Current configs, from /ragflow/conf/service_conf.yaml:
	ragflow: {'host': '0.0.0.0', 'http_port': 9380}
	admin: {'host': '0.0.0.0', 'http_port': 9381}
	mysql: {'name': 'rag_flow', 'user': 'root', 'password': '********', 'host': 'mysql', 'port': 3306, 'max_connections': 900, 'stale_timeout': 300, 'max_allowed_packet': 1073741824}
	minio: {'user': 'rag_flow', 'password': '********', 'host': 'minio:9000', 'bucket': '', 'prefix_path': ''}
	es: {'hosts': 'http://es01:9200', 'username': 'elastic', 'password': '********'}
	os: {'hosts': 'http://opensearch01:9201', 'username': 'admin', 'password': '********'}
	infinity: {'uri': 'infinity:23817', 'postgres_port': 5432, 'db_name': 'default_db'}
	oceanbase: {'scheme': 'oceanbase', 'config': {'db_name': 'ragflow_doc', 'user': 'root@ragflow', 'password': 'infini_rag_flow', 'host': 'oceanbase', 'port': 2881}}
	seekdb: {'scheme': 'oceanbase', 'config': {'db_name': 'ragflow_doc', 'user': 'root', 'password': 'infini_rag_flow', 'host': 'seekdb', 'port': 2881}}
	redis: {'db': 1, 'username': '', 'password': '********', 'host': 'redis:6379'}
	user_default_llm: {'default_models': {'embedding_model': {'api_key': 'xxx', 'base_url': 'http://tei:80'}}}
2026-06-11 18:35:27,124 INFO     1441 GET http://es01:9200/ [status:200 duration:0.004s]
2026-06-11 18:35:27,127 INFO     1441 HEAD http://es01:9200/ [status:200 duration:0.002s]
2026-06-11 18:35:27,127 INFO     1441 Use Elasticsearch http://es01:9200 as the doc engine.
2026-06-11 18:35:27,127 INFO     1441 Elasticsearch http://es01:9200 is healthy.
2026-06-11 18:35:27,128 INFO     1441 Use Elasticsearch http://es01:9200 as the doc engine.
2026-06-11 18:35:27,128 INFO     1441 Elasticsearch http://es01:9200 is healthy.
2026-06-11 18:35:27,130 WARNING  1441 Load term.freq FAIL!
2026-06-11 18:35:50,165 INFO     1542 data_sync_0 log path: /ragflow/logs/data_sync_0.log, log levels: {'peewee': 'WARNING', 'pdfminer': 'WARNING', 'root': 'INFO'}
2026-06-11 18:35:50,165 INFO     1542 
  _____        _           _____
 |  __ \      | |         / ____|
 | |  | | __ _| |_ __ _  | (___  _   _ _ __   ___
 | |  | |/ _` | __/ _` |  \___ \| | | | '_ \ / __|
 | |__| | (_| | || (_| |  ____) | |_| | | | | (__
 |_____/ \__,_|\__\__,_| |_____/ \__, |_| |_|\___|
                                  __/ |
                                 |___/
    
2026-06-11 18:35:50,166 INFO     1542 RAGFlow data sync version: v0.25.6
2026-06-11 18:35:50,166 INFO     1542 Current configs, from /ragflow/conf/service_conf.yaml:
	ragflow: {'host': '0.0.0.0', 'http_port': 9380}
	admin: {'host': '0.0.0.0', 'http_port': 9381}
	mysql: {'name': 'rag_flow', 'user': 'root', 'password': '********', 'host': 'mysql', 'port': 3306, 'max_connections': 900, 'stale_timeout': 300, 'max_allowed_packet': 1073741824}
	minio: {'user': 'rag_flow', 'password': '********', 'host': 'minio:9000', 'bucket': '', 'prefix_path': ''}
	es: {'hosts': 'http://es01:9200', 'username': 'elastic', 'password': '********'}
	os: {'hosts': 'http://opensearch01:9201', 'username': 'admin', 'password': '********'}
	infinity: {'uri': 'infinity:23817', 'postgres_port': 5432, 'db_name': 'default_db'}
	oceanbase: {'scheme': 'oceanbase', 'config': {'db_name': 'ragflow_doc', 'user': 'root@ragflow', 'password': 'infini_rag_flow', 'host': 'oceanbase', 'port': 2881}}
	seekdb: {'scheme': 'oceanbase', 'config': {'db_name': 'ragflow_doc', 'user': 'root', 'password': 'infini_rag_flow', 'host': 'seekdb', 'port': 2881}}
	redis: {'db': 1, 'username': '', 'password': '********', 'host': 'redis:6379'}
	user_default_llm: {'default_models': {'embedding_model': {'api_key': 'xxx', 'base_url': 'http://tei:80'}}}
2026-06-11 18:35:50,173 INFO     1542 GET http://es01:9200/ [status:200 duration:0.004s]
2026-06-11 18:35:50,175 INFO     1542 HEAD http://es01:9200/ [status:200 duration:0.001s]
2026-06-11 18:35:50,175 INFO     1542 Use Elasticsearch http://es01:9200 as the doc engine.
2026-06-11 18:35:50,176 INFO     1542 Elasticsearch http://es01:9200 is healthy.
2026-06-11 18:35:50,176 INFO     1542 Use Elasticsearch http://es01:9200 as the doc engine.
2026-06-11 18:35:50,177 INFO     1542 Elasticsearch http://es01:9200 is healthy.
2026-06-11 18:35:50,180 WARNING  1542 Load term.freq FAIL!
2026-06-11 18:36:13,440 INFO     1678 data_sync_0 log path: /ragflow/logs/data_sync_0.log, log levels: {'peewee': 'WARNING', 'pdfminer': 'WARNING', 'root': 'INFO'}
2026-06-11 18:36:13,441 INFO     1678 
  _____        _           _____
 |  __ \      | |         / ____|
 | |  | | __ _| |_ __ _  | (___  _   _ _ __   ___
 | |  | |/ _` | __/ _` |  \___ \| | | | '_ \ / __|
 | |__| | (_| | || (_| |  ____) | |_| | | | | (__
 |_____/ \__,_|\__\__,_| |_____/ \__, |_| |_|\___|
                                  __/ |
                                 |___/
    
2026-06-11 18:36:13,441 INFO     1678 RAGFlow data sync version: v0.25.6
2026-06-11 18:36:13,441 INFO     1678 Current configs, from /ragflow/conf/service_conf.yaml:
	ragflow: {'host': '0.0.0.0', 'http_port': 9380}
	admin: {'host': '0.0.0.0', 'http_port': 9381}
	mysql: {'name': 'rag_flow', 'user': 'root', 'password': '********', 'host': 'mysql', 'port': 3306, 'max_connections': 900, 'stale_timeout': 300, 'max_allowed_packet': 1073741824}
	minio: {'user': 'rag_flow', 'password': '********', 'host': 'minio:9000', 'bucket': '', 'prefix_path': ''}
	es: {'hosts': 'http://es01:9200', 'username': 'elastic', 'password': '********'}
	os: {'hosts': 'http://opensearch01:9201', 'username': 'admin', 'password': '********'}
	infinity: {'uri': 'infinity:23817', 'postgres_port': 5432, 'db_name': 'default_db'}
	oceanbase: {'scheme': 'oceanbase', 'config': {'db_name': 'ragflow_doc', 'user': 'root@ragflow', 'password': 'infini_rag_flow', 'host': 'oceanbase', 'port': 2881}}
	seekdb: {'scheme': 'oceanbase', 'config': {'db_name': 'ragflow_doc', 'user': 'root', 'password': 'infini_rag_flow', 'host': 'seekdb', 'port': 2881}}
	redis: {'db': 1, 'username': '', 'password': '********', 'host': 'redis:6379'}
	user_default_llm: {'default_models': {'embedding_model': {'api_key': 'xxx', 'base_url': 'http://tei:80'}}}
2026-06-11 18:36:13,449 INFO     1678 GET http://es01:9200/ [status:200 duration:0.005s]
2026-06-11 18:36:13,450 INFO     1678 HEAD http://es01:9200/ [status:200 duration:0.001s]
2026-06-11 18:36:13,451 INFO     1678 Use Elasticsearch http://es01:9200 as the doc engine.
2026-06-11 18:36:13,451 INFO     1678 Elasticsearch http://es01:9200 is healthy.
2026-06-11 18:36:13,451 INFO     1678 Use Elasticsearch http://es01:9200 as the doc engine.
2026-06-11 18:36:13,452 INFO     1678 Elasticsearch http://es01:9200 is healthy.
2026-06-11 18:36:13,454 WARNING  1678 Load term.freq FAIL!
2026-06-11 18:36:36,754 INFO     1815 data_sync_0 log path: /ragflow/logs/data_sync_0.log, log levels: {'peewee': 'WARNING', 'pdfminer': 'WARNING', 'root': 'INFO'}
2026-06-11 18:36:36,755 INFO     1815 
  _____        _           _____
 |  __ \      | |         / ____|
 | |  | | __ _| |_ __ _  | (___  _   _ _ __   ___
 | |  | |/ _` | __/ _` |  \___ \| | | | '_ \ / __|
 | |__| | (_| | || (_| |  ____) | |_| | | | | (__
 |_____/ \__,_|\__\__,_| |_____/ \__, |_| |_|\___|
                                  __/ |
                                 |___/
    
2026-06-11 18:36:36,755 INFO     1815 RAGFlow data sync version: v0.25.6
2026-06-11 18:36:36,756 INFO     1815 Current configs, from /ragflow/conf/service_conf.yaml:
	ragflow: {'host': '0.0.0.0', 'http_port': 9380}
	admin: {'host': '0.0.0.0', 'http_port': 9381}
	mysql: {'name': 'rag_flow', 'user': 'root', 'password': '********', 'host': 'mysql', 'port': 3306, 'max_connections': 900, 'stale_timeout': 300, 'max_allowed_packet': 1073741824}
	minio: {'user': 'rag_flow', 'password': '********', 'host': 'minio:9000', 'bucket': '', 'prefix_path': ''}
	es: {'hosts': 'http://es01:9200', 'username': 'elastic', 'password': '********'}
	os: {'hosts': 'http://opensearch01:9201', 'username': 'admin', 'password': '********'}
	infinity: {'uri': 'infinity:23817', 'postgres_port': 5432, 'db_name': 'default_db'}
	oceanbase: {'scheme': 'oceanbase', 'config': {'db_name': 'ragflow_doc', 'user': 'root@ragflow', 'password': 'infini_rag_flow', 'host': 'oceanbase', 'port': 2881}}
	seekdb: {'scheme': 'oceanbase', 'config': {'db_name': 'ragflow_doc', 'user': 'root', 'password': 'infini_rag_flow', 'host': 'seekdb', 'port': 2881}}
	redis: {'db': 1, 'username': '', 'password': '********', 'host': 'redis:6379'}
	user_default_llm: {'default_models': {'embedding_model': {'api_key': 'xxx', 'base_url': 'http://tei:80'}}}
2026-06-11 18:36:36,763 INFO     1815 GET http://es01:9200/ [status:200 duration:0.004s]
2026-06-11 18:36:36,765 INFO     1815 HEAD http://es01:9200/ [status:200 duration:0.002s]
2026-06-11 18:36:36,766 INFO     1815 Use Elasticsearch http://es01:9200 as the doc engine.
2026-06-11 18:36:36,766 INFO     1815 Elasticsearch http://es01:9200 is healthy.
2026-06-11 18:36:36,767 INFO     1815 Use Elasticsearch http://es01:9200 as the doc engine.
2026-06-11 18:36:36,767 INFO     1815 Elasticsearch http://es01:9200 is healthy.
2026-06-11 18:36:36,769 WARNING  1815 Load term.freq FAIL!
2026-06-11 18:36:59,906 INFO     1890 data_sync_0 log path: /ragflow/logs/data_sync_0.log, log levels: {'peewee': 'WARNING', 'pdfminer': 'WARNING', 'root': 'INFO'}
2026-06-11 18:36:59,907 INFO     1890 
  _____        _           _____
 |  __ \      | |         / ____|
 | |  | | __ _| |_ __ _  | (___  _   _ _ __   ___
 | |  | |/ _` | __/ _` |  \___ \| | | | '_ \ / __|
 | |__| | (_| | || (_| |  ____) | |_| | | | | (__
 |_____/ \__,_|\__\__,_| |_____/ \__, |_| |_|\___|
                                  __/ |
                                 |___/
    
2026-06-11 18:36:59,908 INFO     1890 RAGFlow data sync version: v0.25.6
2026-06-11 18:36:59,908 INFO     1890 Current configs, from /ragflow/conf/service_conf.yaml:
	ragflow: {'host': '0.0.0.0', 'http_port': 9380}
	admin: {'host': '0.0.0.0', 'http_port': 9381}
	mysql: {'name': 'rag_flow', 'user': 'root', 'password': '********', 'host': 'mysql', 'port': 3306, 'max_connections': 900, 'stale_timeout': 300, 'max_allowed_packet': 1073741824}
	minio: {'user': 'rag_flow', 'password': '********', 'host': 'minio:9000', 'bucket': '', 'prefix_path': ''}
	es: {'hosts': 'http://es01:9200', 'username': 'elastic', 'password': '********'}
	os: {'hosts': 'http://opensearch01:9201', 'username': 'admin', 'password': '********'}
	infinity: {'uri': 'infinity:23817', 'postgres_port': 5432, 'db_name': 'default_db'}
	oceanbase: {'scheme': 'oceanbase', 'config': {'db_name': 'ragflow_doc', 'user': 'root@ragflow', 'password': 'infini_rag_flow', 'host': 'oceanbase', 'port': 2881}}
	seekdb: {'scheme': 'oceanbase', 'config': {'db_name': 'ragflow_doc', 'user': 'root', 'password': 'infini_rag_flow', 'host': 'seekdb', 'port': 2881}}
	redis: {'db': 1, 'username': '', 'password': '********', 'host': 'redis:6379'}
	user_default_llm: {'default_models': {'embedding_model': {'api_key': 'xxx', 'base_url': 'http://tei:80'}}}
2026-06-11 18:36:59,914 INFO     1890 GET http://es01:9200/ [status:200 duration:0.004s]
2026-06-11 18:36:59,915 INFO     1890 HEAD http://es01:9200/ [status:200 duration:0.001s]
2026-06-11 18:36:59,916 INFO     1890 Use Elasticsearch http://es01:9200 as the doc engine.
2026-06-11 18:36:59,916 INFO     1890 Elasticsearch http://es01:9200 is healthy.
2026-06-11 18:36:59,917 INFO     1890 Use Elasticsearch http://es01:9200 as the doc engine.
2026-06-11 18:36:59,917 INFO     1890 Elasticsearch http://es01:9200 is healthy.
2026-06-11 18:36:59,920 WARNING  1890 Load term.freq FAIL!
2026-06-11 18:37:23,171 INFO     1992 data_sync_0 log path: /ragflow/logs/data_sync_0.log, log levels: {'peewee': 'WARNING', 'pdfminer': 'WARNING', 'root': 'INFO'}
2026-06-11 18:37:23,172 INFO     1992 
  _____        _           _____
 |  __ \      | |         / ____|
 | |  | | __ _| |_ __ _  | (___  _   _ _ __   ___
 | |  | |/ _` | __/ _` |  \___ \| | | | '_ \ / __|
 | |__| | (_| | || (_| |  ____) | |_| | | | | (__
 |_____/ \__,_|\__\__,_| |_____/ \__, |_| |_|\___|
                                  __/ |
                                 |___/
    
2026-06-11 18:37:23,172 INFO     1992 RAGFlow data sync version: v0.25.6
2026-06-11 18:37:23,173 INFO     1992 Current configs, from /ragflow/conf/service_conf.yaml:
	ragflow: {'host': '0.0.0.0', 'http_port': 9380}
	admin: {'host': '0.0.0.0', 'http_port': 9381}
	mysql: {'name': 'rag_flow', 'user': 'root', 'password': '********', 'host': 'mysql', 'port': 3306, 'max_connections': 900, 'stale_timeout': 300, 'max_allowed_packet': 1073741824}
	minio: {'user': 'rag_flow', 'password': '********', 'host': 'minio:9000', 'bucket': '', 'prefix_path': ''}
	es: {'hosts': 'http://es01:9200', 'username': 'elastic', 'password': '********'}
	os: {'hosts': 'http://opensearch01:9201', 'username': 'admin', 'password': '********'}
	infinity: {'uri': 'infinity:23817', 'postgres_port': 5432, 'db_name': 'default_db'}
	oceanbase: {'scheme': 'oceanbase', 'config': {'db_name': 'ragflow_doc', 'user': 'root@ragflow', 'password': 'infini_rag_flow', 'host': 'oceanbase', 'port': 2881}}
	seekdb: {'scheme': 'oceanbase', 'config': {'db_name': 'ragflow_doc', 'user': 'root', 'password': 'infini_rag_flow', 'host': 'seekdb', 'port': 2881}}
	redis: {'db': 1, 'username': '', 'password': '********', 'host': 'redis:6379'}
	user_default_llm: {'default_models': {'embedding_model': {'api_key': 'xxx', 'base_url': 'http://tei:80'}}}
2026-06-11 18:37:23,180 INFO     1992 GET http://es01:9200/ [status:200 duration:0.005s]
2026-06-11 18:37:23,183 INFO     1992 HEAD http://es01:9200/ [status:200 duration:0.002s]
2026-06-11 18:37:23,184 INFO     1992 Use Elasticsearch http://es01:9200 as the doc engine.
2026-06-11 18:37:23,184 INFO     1992 Elasticsearch http://es01:9200 is healthy.
2026-06-11 18:37:23,184 INFO     1992 Use Elasticsearch http://es01:9200 as the doc engine.
2026-06-11 18:37:23,185 INFO     1992 Elasticsearch http://es01:9200 is healthy.
2026-06-11 18:37:23,188 WARNING  1992 Load term.freq FAIL!
2026-06-11 18:37:46,366 INFO     2126 data_sync_0 log path: /ragflow/logs/data_sync_0.log, log levels: {'peewee': 'WARNING', 'pdfminer': 'WARNING', 'root': 'INFO'}
2026-06-11 18:37:46,367 INFO     2126 
  _____        _           _____
 |  __ \      | |         / ____|
 | |  | | __ _| |_ __ _  | (___  _   _ _ __   ___
 | |  | |/ _` | __/ _` |  \___ \| | | | '_ \ / __|
 | |__| | (_| | || (_| |  ____) | |_| | | | | (__
 |_____/ \__,_|\__\__,_| |_____/ \__, |_| |_|\___|
                                  __/ |
                                 |___/
    
2026-06-11 18:37:46,368 INFO     2126 RAGFlow data sync version: v0.25.6
2026-06-11 18:37:46,368 INFO     2126 Current configs, from /ragflow/conf/service_conf.yaml:
	ragflow: {'host': '0.0.0.0', 'http_port': 9380}
	admin: {'host': '0.0.0.0', 'http_port': 9381}
	mysql: {'name': 'rag_flow', 'user': 'root', 'password': '********', 'host': 'mysql', 'port': 3306, 'max_connections': 900, 'stale_timeout': 300, 'max_allowed_packet': 1073741824}
	minio: {'user': 'rag_flow', 'password': '********', 'host': 'minio:9000', 'bucket': '', 'prefix_path': ''}
	es: {'hosts': 'http://es01:9200', 'username': 'elastic', 'password': '********'}
	os: {'hosts': 'http://opensearch01:9201', 'username': 'admin', 'password': '********'}
	infinity: {'uri': 'infinity:23817', 'postgres_port': 5432, 'db_name': 'default_db'}
	oceanbase: {'scheme': 'oceanbase', 'config': {'db_name': 'ragflow_doc', 'user': 'root@ragflow', 'password': 'infini_rag_flow', 'host': 'oceanbase', 'port': 2881}}
	seekdb: {'scheme': 'oceanbase', 'config': {'db_name': 'ragflow_doc', 'user': 'root', 'password': 'infini_rag_flow', 'host': 'seekdb', 'port': 2881}}
	redis: {'db': 1, 'username': '', 'password': '********', 'host': 'redis:6379'}
	user_default_llm: {'default_models': {'embedding_model': {'api_key': 'xxx', 'base_url': 'http://tei:80'}}}
2026-06-11 18:37:46,374 INFO     2126 GET http://es01:9200/ [status:200 duration:0.004s]
2026-06-11 18:37:46,376 INFO     2126 HEAD http://es01:9200/ [status:200 duration:0.001s]
2026-06-11 18:37:46,377 INFO     2126 Use Elasticsearch http://es01:9200 as the doc engine.
2026-06-11 18:37:46,377 INFO     2126 Elasticsearch http://es01:9200 is healthy.
2026-06-11 18:37:46,377 INFO     2126 Use Elasticsearch http://es01:9200 as the doc engine.
2026-06-11 18:37:46,378 INFO     2126 Elasticsearch http://es01:9200 is healthy.
2026-06-11 18:37:46,380 WARNING  2126 Load term.freq FAIL!
2026-06-11 18:38:10,142 INFO     2263 data_sync_0 log path: /ragflow/logs/data_sync_0.log, log levels: {'peewee': 'WARNING', 'pdfminer': 'WARNING', 'root': 'INFO'}
2026-06-11 18:38:10,143 INFO     2263 
  _____        _           _____
 |  __ \      | |         / ____|
 | |  | | __ _| |_ __ _  | (___  _   _ _ __   ___
 | |  | |/ _` | __/ _` |  \___ \| | | | '_ \ / __|
 | |__| | (_| | || (_| |  ____) | |_| | | | | (__
 |_____/ \__,_|\__\__,_| |_____/ \__, |_| |_|\___|
                                  __/ |
                                 |___/
    
2026-06-11 18:38:10,143 INFO     2263 RAGFlow data sync version: v0.25.6
2026-06-11 18:38:10,143 INFO     2263 Current configs, from /ragflow/conf/service_conf.yaml:
	ragflow: {'host': '0.0.0.0', 'http_port': 9380}
	admin: {'host': '0.0.0.0', 'http_port': 9381}
	mysql: {'name': 'rag_flow', 'user': 'root', 'password': '********', 'host': 'mysql', 'port': 3306, 'max_connections': 900, 'stale_timeout': 300, 'max_allowed_packet': 1073741824}
	minio: {'user': 'rag_flow', 'password': '********', 'host': 'minio:9000', 'bucket': '', 'prefix_path': ''}
	es: {'hosts': 'http://es01:9200', 'username': 'elastic', 'password': '********'}
	os: {'hosts': 'http://opensearch01:9201', 'username': 'admin', 'password': '********'}
	infinity: {'uri': 'infinity:23817', 'postgres_port': 5432, 'db_name': 'default_db'}
	oceanbase: {'scheme': 'oceanbase', 'config': {'db_name': 'ragflow_doc', 'user': 'root@ragflow', 'password': 'infini_rag_flow', 'host': 'oceanbase', 'port': 2881}}
	seekdb: {'scheme': 'oceanbase', 'config': {'db_name': 'ragflow_doc', 'user': 'root', 'password': 'infini_rag_flow', 'host': 'seekdb', 'port': 2881}}
	redis: {'db': 1, 'username': '', 'password': '********', 'host': 'redis:6379'}
	user_default_llm: {'default_models': {'embedding_model': {'api_key': 'xxx', 'base_url': 'http://tei:80'}}}
2026-06-11 18:38:10,149 INFO     2263 GET http://es01:9200/ [status:200 duration:0.004s]
2026-06-11 18:38:10,152 INFO     2263 HEAD http://es01:9200/ [status:200 duration:0.002s]
2026-06-11 18:38:10,152 INFO     2263 Use Elasticsearch http://es01:9200 as the doc engine.
2026-06-11 18:38:10,152 INFO     2263 Elasticsearch http://es01:9200 is healthy.
2026-06-11 18:38:10,153 INFO     2263 Use Elasticsearch http://es01:9200 as the doc engine.
2026-06-11 18:38:10,153 INFO     2263 Elasticsearch http://es01:9200 is healthy.
2026-06-11 18:38:10,156 WARNING  2263 Load term.freq FAIL!
2026-06-11 18:38:34,268 INFO     2338 data_sync_0 log path: /ragflow/logs/data_sync_0.log, log levels: {'peewee': 'WARNING', 'pdfminer': 'WARNING', 'root': 'INFO'}
2026-06-11 18:38:34,271 INFO     2338 
  _____        _           _____
 |  __ \      | |         / ____|
 | |  | | __ _| |_ __ _  | (___  _   _ _ __   ___
 | |  | |/ _` | __/ _` |  \___ \| | | | '_ \ / __|
 | |__| | (_| | || (_| |  ____) | |_| | | | | (__
 |_____/ \__,_|\__\__,_| |_____/ \__, |_| |_|\___|
                                  __/ |
                                 |___/
    
2026-06-11 18:38:34,271 INFO     2338 RAGFlow data sync version: v0.25.6
2026-06-11 18:38:34,272 INFO     2338 Current configs, from /ragflow/conf/service_conf.yaml:
	ragflow: {'host': '0.0.0.0', 'http_port': 9380}
	admin: {'host': '0.0.0.0', 'http_port': 9381}
	mysql: {'name': 'rag_flow', 'user': 'root', 'password': '********', 'host': 'mysql', 'port': 3306, 'max_connections': 900, 'stale_timeout': 300, 'max_allowed_packet': 1073741824}
	minio: {'user': 'rag_flow', 'password': '********', 'host': 'minio:9000', 'bucket': '', 'prefix_path': ''}
	es: {'hosts': 'http://es01:9200', 'username': 'elastic', 'password': '********'}
	os: {'hosts': 'http://opensearch01:9201', 'username': 'admin', 'password': '********'}
	infinity: {'uri': 'infinity:23817', 'postgres_port': 5432, 'db_name': 'default_db'}
	oceanbase: {'scheme': 'oceanbase', 'config': {'db_name': 'ragflow_doc', 'user': 'root@ragflow', 'password': 'infini_rag_flow', 'host': 'oceanbase', 'port': 2881}}
	seekdb: {'scheme': 'oceanbase', 'config': {'db_name': 'ragflow_doc', 'user': 'root', 'password': 'infini_rag_flow', 'host': 'seekdb', 'port': 2881}}
	redis: {'db': 1, 'username': '', 'password': '********', 'host': 'redis:6379'}
	user_default_llm: {'default_models': {'embedding_model': {'api_key': 'xxx', 'base_url': 'http://tei:80'}}}
2026-06-11 18:38:34,279 INFO     2338 GET http://es01:9200/ [status:200 duration:0.004s]
2026-06-11 18:38:34,282 INFO     2338 HEAD http://es01:9200/ [status:200 duration:0.002s]
2026-06-11 18:38:34,283 INFO     2338 Use Elasticsearch http://es01:9200 as the doc engine.
2026-06-11 18:38:34,283 INFO     2338 Elasticsearch http://es01:9200 is healthy.
2026-06-11 18:38:34,284 INFO     2338 Use Elasticsearch http://es01:9200 as the doc engine.
2026-06-11 18:38:34,284 INFO     2338 Elasticsearch http://es01:9200 is healthy.
2026-06-11 18:38:34,287 WARNING  2338 Load term.freq FAIL!
2026-06-11 18:38:58,506 INFO     2474 data_sync_0 log path: /ragflow/logs/data_sync_0.log, log levels: {'peewee': 'WARNING', 'pdfminer': 'WARNING', 'root': 'INFO'}
2026-06-11 18:38:58,506 INFO     2474 
  _____        _           _____
 |  __ \      | |         / ____|
 | |  | | __ _| |_ __ _  | (___  _   _ _ __   ___
 | |  | |/ _` | __/ _` |  \___ \| | | | '_ \ / __|
 | |__| | (_| | || (_| |  ____) | |_| | | | | (__
 |_____/ \__,_|\__\__,_| |_____/ \__, |_| |_|\___|
                                  __/ |
                                 |___/
    
2026-06-11 18:38:58,507 INFO     2474 RAGFlow data sync version: v0.25.6
2026-06-11 18:38:58,507 INFO     2474 Current configs, from /ragflow/conf/service_conf.yaml:
	ragflow: {'host': '0.0.0.0', 'http_port': 9380}
	admin: {'host': '0.0.0.0', 'http_port': 9381}
	mysql: {'name': 'rag_flow', 'user': 'root', 'password': '********', 'host': 'mysql', 'port': 3306, 'max_connections': 900, 'stale_timeout': 300, 'max_allowed_packet': 1073741824}
	minio: {'user': 'rag_flow', 'password': '********', 'host': 'minio:9000', 'bucket': '', 'prefix_path': ''}
	es: {'hosts': 'http://es01:9200', 'username': 'elastic', 'password': '********'}
	os: {'hosts': 'http://opensearch01:9201', 'username': 'admin', 'password': '********'}
	infinity: {'uri': 'infinity:23817', 'postgres_port': 5432, 'db_name': 'default_db'}
	oceanbase: {'scheme': 'oceanbase', 'config': {'db_name': 'ragflow_doc', 'user': 'root@ragflow', 'password': 'infini_rag_flow', 'host': 'oceanbase', 'port': 2881}}
	seekdb: {'scheme': 'oceanbase', 'config': {'db_name': 'ragflow_doc', 'user': 'root', 'password': 'infini_rag_flow', 'host': 'seekdb', 'port': 2881}}
	redis: {'db': 1, 'username': '', 'password': '********', 'host': 'redis:6379'}
	user_default_llm: {'default_models': {'embedding_model': {'api_key': 'xxx', 'base_url': 'http://tei:80'}}}
2026-06-11 18:38:58,514 INFO     2474 GET http://es01:9200/ [status:200 duration:0.004s]
2026-06-11 18:38:58,517 INFO     2474 HEAD http://es01:9200/ [status:200 duration:0.002s]
2026-06-11 18:38:58,517 INFO     2474 Use Elasticsearch http://es01:9200 as the doc engine.
2026-06-11 18:38:58,518 INFO     2474 Elasticsearch http://es01:9200 is healthy.
2026-06-11 18:38:58,518 INFO     2474 Use Elasticsearch http://es01:9200 as the doc engine.
2026-06-11 18:38:58,518 INFO     2474 Elasticsearch http://es01:9200 is healthy.
2026-06-11 18:38:58,521 WARNING  2474 Load term.freq FAIL!
2026-06-11 18:39:22,363 INFO     2574 data_sync_0 log path: /ragflow/logs/data_sync_0.log, log levels: {'peewee': 'WARNING', 'pdfminer': 'WARNING', 'root': 'INFO'}
2026-06-11 18:39:22,363 INFO     2574 
  _____        _           _____
 |  __ \      | |         / ____|
 | |  | | __ _| |_ __ _  | (___  _   _ _ __   ___
 | |  | |/ _` | __/ _` |  \___ \| | | | '_ \ / __|
 | |__| | (_| | || (_| |  ____) | |_| | | | | (__
 |_____/ \__,_|\__\__,_| |_____/ \__, |_| |_|\___|
                                  __/ |
                                 |___/
    
2026-06-11 18:39:22,364 INFO     2574 RAGFlow data sync version: v0.25.6
2026-06-11 18:39:22,364 INFO     2574 Current configs, from /ragflow/conf/service_conf.yaml:
	ragflow: {'host': '0.0.0.0', 'http_port': 9380}
	admin: {'host': '0.0.0.0', 'http_port': 9381}
	mysql: {'name': 'rag_flow', 'user': 'root', 'password': '********', 'host': 'mysql', 'port': 3306, 'max_connections': 900, 'stale_timeout': 300, 'max_allowed_packet': 1073741824}
	minio: {'user': 'rag_flow', 'password': '********', 'host': 'minio:9000', 'bucket': '', 'prefix_path': ''}
	es: {'hosts': 'http://es01:9200', 'username': 'elastic', 'password': '********'}
	os: {'hosts': 'http://opensearch01:9201', 'username': 'admin', 'password': '********'}
	infinity: {'uri': 'infinity:23817', 'postgres_port': 5432, 'db_name': 'default_db'}
	oceanbase: {'scheme': 'oceanbase', 'config': {'db_name': 'ragflow_doc', 'user': 'root@ragflow', 'password': 'infini_rag_flow', 'host': 'oceanbase', 'port': 2881}}
	seekdb: {'scheme': 'oceanbase', 'config': {'db_name': 'ragflow_doc', 'user': 'root', 'password': 'infini_rag_flow', 'host': 'seekdb', 'port': 2881}}
	redis: {'db': 1, 'username': '', 'password': '********', 'host': 'redis:6379'}
	user_default_llm: {'default_models': {'embedding_model': {'api_key': 'xxx', 'base_url': 'http://tei:80'}}}
2026-06-11 18:39:22,371 INFO     2574 GET http://es01:9200/ [status:200 duration:0.004s]
2026-06-11 18:39:22,374 INFO     2574 HEAD http://es01:9200/ [status:200 duration:0.002s]
2026-06-11 18:39:22,375 INFO     2574 Use Elasticsearch http://es01:9200 as the doc engine.
2026-06-11 18:39:22,376 INFO     2574 Elasticsearch http://es01:9200 is healthy.
2026-06-11 18:39:22,376 INFO     2574 Use Elasticsearch http://es01:9200 as the doc engine.
2026-06-11 18:39:22,376 INFO     2574 Elasticsearch http://es01:9200 is healthy.
2026-06-11 18:39:22,379 WARNING  2574 Load term.freq FAIL!
2026-06-11 18:39:46,832 INFO     2711 data_sync_0 log path: /ragflow/logs/data_sync_0.log, log levels: {'peewee': 'WARNING', 'pdfminer': 'WARNING', 'root': 'INFO'}
2026-06-11 18:39:46,834 INFO     2711 
  _____        _           _____
 |  __ \      | |         / ____|
 | |  | | __ _| |_ __ _  | (___  _   _ _ __   ___
 | |  | |/ _` | __/ _` |  \___ \| | | | '_ \ / __|
 | |__| | (_| | || (_| |  ____) | |_| | | | | (__
 |_____/ \__,_|\__\__,_| |_____/ \__, |_| |_|\___|
                                  __/ |
                                 |___/
    
2026-06-11 18:39:46,834 INFO     2711 RAGFlow data sync version: v0.25.6
2026-06-11 18:39:46,834 INFO     2711 Current configs, from /ragflow/conf/service_conf.yaml:
	ragflow: {'host': '0.0.0.0', 'http_port': 9380}
	admin: {'host': '0.0.0.0', 'http_port': 9381}
	mysql: {'name': 'rag_flow', 'user': 'root', 'password': '********', 'host': 'mysql', 'port': 3306, 'max_connections': 900, 'stale_timeout': 300, 'max_allowed_packet': 1073741824}
	minio: {'user': 'rag_flow', 'password': '********', 'host': 'minio:9000', 'bucket': '', 'prefix_path': ''}
	es: {'hosts': 'http://es01:9200', 'username': 'elastic', 'password': '********'}
	os: {'hosts': 'http://opensearch01:9201', 'username': 'admin', 'password': '********'}
	infinity: {'uri': 'infinity:23817', 'postgres_port': 5432, 'db_name': 'default_db'}
	oceanbase: {'scheme': 'oceanbase', 'config': {'db_name': 'ragflow_doc', 'user': 'root@ragflow', 'password': 'infini_rag_flow', 'host': 'oceanbase', 'port': 2881}}
	seekdb: {'scheme': 'oceanbase', 'config': {'db_name': 'ragflow_doc', 'user': 'root', 'password': 'infini_rag_flow', 'host': 'seekdb', 'port': 2881}}
	redis: {'db': 1, 'username': '', 'password': '********', 'host': 'redis:6379'}
	user_default_llm: {'default_models': {'embedding_model': {'api_key': 'xxx', 'base_url': 'http://tei:80'}}}
2026-06-11 18:39:46,842 INFO     2711 GET http://es01:9200/ [status:200 duration:0.005s]
2026-06-11 18:39:46,845 INFO     2711 HEAD http://es01:9200/ [status:200 duration:0.002s]
2026-06-11 18:39:46,845 INFO     2711 Use Elasticsearch http://es01:9200 as the doc engine.
2026-06-11 18:39:46,846 INFO     2711 Elasticsearch http://es01:9200 is healthy.
2026-06-11 18:39:46,846 INFO     2711 Use Elasticsearch http://es01:9200 as the doc engine.
2026-06-11 18:39:46,847 INFO     2711 Elasticsearch http://es01:9200 is healthy.
2026-06-11 18:39:46,850 WARNING  2711 Load term.freq FAIL!
2026-06-11 18:40:10,678 INFO     2786 data_sync_0 log path: /ragflow/logs/data_sync_0.log, log levels: {'peewee': 'WARNING', 'pdfminer': 'WARNING', 'root': 'INFO'}
2026-06-11 18:40:10,679 INFO     2786 
  _____        _           _____
 |  __ \      | |         / ____|
 | |  | | __ _| |_ __ _  | (___  _   _ _ __   ___
 | |  | |/ _` | __/ _` |  \___ \| | | | '_ \ / __|
 | |__| | (_| | || (_| |  ____) | |_| | | | | (__
 |_____/ \__,_|\__\__,_| |_____/ \__, |_| |_|\___|
                                  __/ |
                                 |___/
    
2026-06-11 18:40:10,679 INFO     2786 RAGFlow data sync version: v0.25.6
2026-06-11 18:40:10,680 INFO     2786 Current configs, from /ragflow/conf/service_conf.yaml:
	ragflow: {'host': '0.0.0.0', 'http_port': 9380}
	admin: {'host': '0.0.0.0', 'http_port': 9381}
	mysql: {'name': 'rag_flow', 'user': 'root', 'password': '********', 'host': 'mysql', 'port': 3306, 'max_connections': 900, 'stale_timeout': 300, 'max_allowed_packet': 1073741824}
	minio: {'user': 'rag_flow', 'password': '********', 'host': 'minio:9000', 'bucket': '', 'prefix_path': ''}
	es: {'hosts': 'http://es01:9200', 'username': 'elastic', 'password': '********'}
	os: {'hosts': 'http://opensearch01:9201', 'username': 'admin', 'password': '********'}
	infinity: {'uri': 'infinity:23817', 'postgres_port': 5432, 'db_name': 'default_db'}
	oceanbase: {'scheme': 'oceanbase', 'config': {'db_name': 'ragflow_doc', 'user': 'root@ragflow', 'password': 'infini_rag_flow', 'host': 'oceanbase', 'port': 2881}}
	seekdb: {'scheme': 'oceanbase', 'config': {'db_name': 'ragflow_doc', 'user': 'root', 'password': 'infini_rag_flow', 'host': 'seekdb', 'port': 2881}}
	redis: {'db': 1, 'username': '', 'password': '********', 'host': 'redis:6379'}
	user_default_llm: {'default_models': {'embedding_model': {'api_key': 'xxx', 'base_url': 'http://tei:80'}}}
2026-06-11 18:40:10,686 INFO     2786 GET http://es01:9200/ [status:200 duration:0.004s]
2026-06-11 18:40:10,688 INFO     2786 HEAD http://es01:9200/ [status:200 duration:0.001s]
2026-06-11 18:40:10,688 INFO     2786 Use Elasticsearch http://es01:9200 as the doc engine.
2026-06-11 18:40:10,689 INFO     2786 Elasticsearch http://es01:9200 is healthy.
2026-06-11 18:40:10,689 INFO     2786 Use Elasticsearch http://es01:9200 as the doc engine.
2026-06-11 18:40:10,689 INFO     2786 Elasticsearch http://es01:9200 is healthy.
2026-06-11 18:40:10,692 WARNING  2786 Load term.freq FAIL!
2026-06-11 18:40:34,643 INFO     2922 data_sync_0 log path: /ragflow/logs/data_sync_0.log, log levels: {'peewee': 'WARNING', 'pdfminer': 'WARNING', 'root': 'INFO'}
2026-06-11 18:40:34,644 INFO     2922 
  _____        _           _____
 |  __ \      | |         / ____|
 | |  | | __ _| |_ __ _  | (___  _   _ _ __   ___
 | |  | |/ _` | __/ _` |  \___ \| | | | '_ \ / __|
 | |__| | (_| | || (_| |  ____) | |_| | | | | (__
 |_____/ \__,_|\__\__,_| |_____/ \__, |_| |_|\___|
                                  __/ |
                                 |___/
    
2026-06-11 18:40:34,644 INFO     2922 RAGFlow data sync version: v0.25.6
2026-06-11 18:40:34,644 INFO     2922 Current configs, from /ragflow/conf/service_conf.yaml:
	ragflow: {'host': '0.0.0.0', 'http_port': 9380}
	admin: {'host': '0.0.0.0', 'http_port': 9381}
	mysql: {'name': 'rag_flow', 'user': 'root', 'password': '********', 'host': 'mysql', 'port': 3306, 'max_connections': 900, 'stale_timeout': 300, 'max_allowed_packet': 1073741824}
	minio: {'user': 'rag_flow', 'password': '********', 'host': 'minio:9000', 'bucket': '', 'prefix_path': ''}
	es: {'hosts': 'http://es01:9200', 'username': 'elastic', 'password': '********'}
	os: {'hosts': 'http://opensearch01:9201', 'username': 'admin', 'password': '********'}
	infinity: {'uri': 'infinity:23817', 'postgres_port': 5432, 'db_name': 'default_db'}
	oceanbase: {'scheme': 'oceanbase', 'config': {'db_name': 'ragflow_doc', 'user': 'root@ragflow', 'password': 'infini_rag_flow', 'host': 'oceanbase', 'port': 2881}}
	seekdb: {'scheme': 'oceanbase', 'config': {'db_name': 'ragflow_doc', 'user': 'root', 'password': 'infini_rag_flow', 'host': 'seekdb', 'port': 2881}}
	redis: {'db': 1, 'username': '', 'password': '********', 'host': 'redis:6379'}
	user_default_llm: {'default_models': {'embedding_model': {'api_key': 'xxx', 'base_url': 'http://tei:80'}}}
2026-06-11 18:40:34,652 INFO     2922 GET http://es01:9200/ [status:200 duration:0.004s]
2026-06-11 18:40:34,654 INFO     2922 HEAD http://es01:9200/ [status:200 duration:0.002s]
2026-06-11 18:40:34,655 INFO     2922 Use Elasticsearch http://es01:9200 as the doc engine.
2026-06-11 18:40:34,655 INFO     2922 Elasticsearch http://es01:9200 is healthy.
2026-06-11 18:40:34,655 INFO     2922 Use Elasticsearch http://es01:9200 as the doc engine.
2026-06-11 18:40:34,656 INFO     2922 Elasticsearch http://es01:9200 is healthy.
2026-06-11 18:40:34,659 WARNING  2922 Load term.freq FAIL!
2026-06-11 18:40:57,903 INFO     3022 data_sync_0 log path: /ragflow/logs/data_sync_0.log, log levels: {'peewee': 'WARNING', 'pdfminer': 'WARNING', 'root': 'INFO'}
2026-06-11 18:40:57,904 INFO     3022 
  _____        _           _____
 |  __ \      | |         / ____|
 | |  | | __ _| |_ __ _  | (___  _   _ _ __   ___
 | |  | |/ _` | __/ _` |  \___ \| | | | '_ \ / __|
 | |__| | (_| | || (_| |  ____) | |_| | | | | (__
 |_____/ \__,_|\__\__,_| |_____/ \__, |_| |_|\___|
                                  __/ |
                                 |___/
    
2026-06-11 18:40:57,904 INFO     3022 RAGFlow data sync version: v0.25.6
2026-06-11 18:40:57,904 INFO     3022 Current configs, from /ragflow/conf/service_conf.yaml:
	ragflow: {'host': '0.0.0.0', 'http_port': 9380}
	admin: {'host': '0.0.0.0', 'http_port': 9381}
	mysql: {'name': 'rag_flow', 'user': 'root', 'password': '********', 'host': 'mysql', 'port': 3306, 'max_connections': 900, 'stale_timeout': 300, 'max_allowed_packet': 1073741824}
	minio: {'user': 'rag_flow', 'password': '********', 'host': 'minio:9000', 'bucket': '', 'prefix_path': ''}
	es: {'hosts': 'http://es01:9200', 'username': 'elastic', 'password': '********'}
	os: {'hosts': 'http://opensearch01:9201', 'username': 'admin', 'password': '********'}
	infinity: {'uri': 'infinity:23817', 'postgres_port': 5432, 'db_name': 'default_db'}
	oceanbase: {'scheme': 'oceanbase', 'config': {'db_name': 'ragflow_doc', 'user': 'root@ragflow', 'password': 'infini_rag_flow', 'host': 'oceanbase', 'port': 2881}}
	seekdb: {'scheme': 'oceanbase', 'config': {'db_name': 'ragflow_doc', 'user': 'root', 'password': 'infini_rag_flow', 'host': 'seekdb', 'port': 2881}}
	redis: {'db': 1, 'username': '', 'password': '********', 'host': 'redis:6379'}
	user_default_llm: {'default_models': {'embedding_model': {'api_key': 'xxx', 'base_url': 'http://tei:80'}}}
2026-06-11 18:40:57,910 INFO     3022 GET http://es01:9200/ [status:200 duration:0.004s]
2026-06-11 18:40:57,913 INFO     3022 HEAD http://es01:9200/ [status:200 duration:0.002s]
2026-06-11 18:40:57,913 INFO     3022 Use Elasticsearch http://es01:9200 as the doc engine.
2026-06-11 18:40:57,914 INFO     3022 Elasticsearch http://es01:9200 is healthy.
2026-06-11 18:40:57,914 INFO     3022 Use Elasticsearch http://es01:9200 as the doc engine.
2026-06-11 18:40:57,914 INFO     3022 Elasticsearch http://es01:9200 is healthy.
2026-06-11 18:40:57,917 WARNING  3022 Load term.freq FAIL!
2026-06-11 18:41:21,281 INFO     3159 data_sync_0 log path: /ragflow/logs/data_sync_0.log, log levels: {'peewee': 'WARNING', 'pdfminer': 'WARNING', 'root': 'INFO'}
2026-06-11 18:41:21,281 INFO     3159 
  _____        _           _____
 |  __ \      | |         / ____|
 | |  | | __ _| |_ __ _  | (___  _   _ _ __   ___
 | |  | |/ _` | __/ _` |  \___ \| | | | '_ \ / __|
 | |__| | (_| | || (_| |  ____) | |_| | | | | (__
 |_____/ \__,_|\__\__,_| |_____/ \__, |_| |_|\___|
                                  __/ |
                                 |___/
    
2026-06-11 18:41:21,282 INFO     3159 RAGFlow data sync version: v0.25.6
2026-06-11 18:41:21,282 INFO     3159 Current configs, from /ragflow/conf/service_conf.yaml:
	ragflow: {'host': '0.0.0.0', 'http_port': 9380}
	admin: {'host': '0.0.0.0', 'http_port': 9381}
	mysql: {'name': 'rag_flow', 'user': 'root', 'password': '********', 'host': 'mysql', 'port': 3306, 'max_connections': 900, 'stale_timeout': 300, 'max_allowed_packet': 1073741824}
	minio: {'user': 'rag_flow', 'password': '********', 'host': 'minio:9000', 'bucket': '', 'prefix_path': ''}
	es: {'hosts': 'http://es01:9200', 'username': 'elastic', 'password': '********'}
	os: {'hosts': 'http://opensearch01:9201', 'username': 'admin', 'password': '********'}
	infinity: {'uri': 'infinity:23817', 'postgres_port': 5432, 'db_name': 'default_db'}
	oceanbase: {'scheme': 'oceanbase', 'config': {'db_name': 'ragflow_doc', 'user': 'root@ragflow', 'password': 'infini_rag_flow', 'host': 'oceanbase', 'port': 2881}}
	seekdb: {'scheme': 'oceanbase', 'config': {'db_name': 'ragflow_doc', 'user': 'root', 'password': 'infini_rag_flow', 'host': 'seekdb', 'port': 2881}}
	redis: {'db': 1, 'username': '', 'password': '********', 'host': 'redis:6379'}
	user_default_llm: {'default_models': {'embedding_model': {'api_key': 'xxx', 'base_url': 'http://tei:80'}}}
2026-06-11 18:41:21,289 INFO     3159 GET http://es01:9200/ [status:200 duration:0.005s]
2026-06-11 18:41:21,291 INFO     3159 HEAD http://es01:9200/ [status:200 duration:0.001s]
2026-06-11 18:41:21,291 INFO     3159 Use Elasticsearch http://es01:9200 as the doc engine.
2026-06-11 18:41:21,292 INFO     3159 Elasticsearch http://es01:9200 is healthy.
2026-06-11 18:41:21,292 INFO     3159 Use Elasticsearch http://es01:9200 as the doc engine.
2026-06-11 18:41:21,292 INFO     3159 Elasticsearch http://es01:9200 is healthy.
2026-06-11 18:41:21,295 WARNING  3159 Load term.freq FAIL!
2026-06-11 18:41:44,639 INFO     3234 data_sync_0 log path: /ragflow/logs/data_sync_0.log, log levels: {'peewee': 'WARNING', 'pdfminer': 'WARNING', 'root': 'INFO'}
2026-06-11 18:41:44,639 INFO     3234 
  _____        _           _____
 |  __ \      | |         / ____|
 | |  | | __ _| |_ __ _  | (___  _   _ _ __   ___
 | |  | |/ _` | __/ _` |  \___ \| | | | '_ \ / __|
 | |__| | (_| | || (_| |  ____) | |_| | | | | (__
 |_____/ \__,_|\__\__,_| |_____/ \__, |_| |_|\___|
                                  __/ |
                                 |___/
    
2026-06-11 18:41:44,640 INFO     3234 RAGFlow data sync version: v0.25.6
2026-06-11 18:41:44,640 INFO     3234 Current configs, from /ragflow/conf/service_conf.yaml:
	ragflow: {'host': '0.0.0.0', 'http_port': 9380}
	admin: {'host': '0.0.0.0', 'http_port': 9381}
	mysql: {'name': 'rag_flow', 'user': 'root', 'password': '********', 'host': 'mysql', 'port': 3306, 'max_connections': 900, 'stale_timeout': 300, 'max_allowed_packet': 1073741824}
	minio: {'user': 'rag_flow', 'password': '********', 'host': 'minio:9000', 'bucket': '', 'prefix_path': ''}
	es: {'hosts': 'http://es01:9200', 'username': 'elastic', 'password': '********'}
	os: {'hosts': 'http://opensearch01:9201', 'username': 'admin', 'password': '********'}
	infinity: {'uri': 'infinity:23817', 'postgres_port': 5432, 'db_name': 'default_db'}
	oceanbase: {'scheme': 'oceanbase', 'config': {'db_name': 'ragflow_doc', 'user': 'root@ragflow', 'password': 'infini_rag_flow', 'host': 'oceanbase', 'port': 2881}}
	seekdb: {'scheme': 'oceanbase', 'config': {'db_name': 'ragflow_doc', 'user': 'root', 'password': 'infini_rag_flow', 'host': 'seekdb', 'port': 2881}}
	redis: {'db': 1, 'username': '', 'password': '********', 'host': 'redis:6379'}
	user_default_llm: {'default_models': {'embedding_model': {'api_key': 'xxx', 'base_url': 'http://tei:80'}}}
2026-06-11 18:41:44,647 INFO     3234 GET http://es01:9200/ [status:200 duration:0.004s]
2026-06-11 18:41:44,649 INFO     3234 HEAD http://es01:9200/ [status:200 duration:0.001s]
2026-06-11 18:41:44,649 INFO     3234 Use Elasticsearch http://es01:9200 as the doc engine.
2026-06-11 18:41:44,649 INFO     3234 Elasticsearch http://es01:9200 is healthy.
2026-06-11 18:41:44,649 INFO     3234 Use Elasticsearch http://es01:9200 as the doc engine.
2026-06-11 18:41:44,650 INFO     3234 Elasticsearch http://es01:9200 is healthy.
2026-06-11 18:41:44,653 WARNING  3234 Load term.freq FAIL!
2026-06-11 18:42:08,311 INFO     3370 data_sync_0 log path: /ragflow/logs/data_sync_0.log, log levels: {'peewee': 'WARNING', 'pdfminer': 'WARNING', 'root': 'INFO'}
2026-06-11 18:42:08,312 INFO     3370 
  _____        _           _____
 |  __ \      | |         / ____|
 | |  | | __ _| |_ __ _  | (___  _   _ _ __   ___
 | |  | |/ _` | __/ _` |  \___ \| | | | '_ \ / __|
 | |__| | (_| | || (_| |  ____) | |_| | | | | (__
 |_____/ \__,_|\__\__,_| |_____/ \__, |_| |_|\___|
                                  __/ |
                                 |___/
    
2026-06-11 18:42:08,312 INFO     3370 RAGFlow data sync version: v0.25.6
2026-06-11 18:42:08,312 INFO     3370 Current configs, from /ragflow/conf/service_conf.yaml:
	ragflow: {'host': '0.0.0.0', 'http_port': 9380}
	admin: {'host': '0.0.0.0', 'http_port': 9381}
	mysql: {'name': 'rag_flow', 'user': 'root', 'password': '********', 'host': 'mysql', 'port': 3306, 'max_connections': 900, 'stale_timeout': 300, 'max_allowed_packet': 1073741824}
	minio: {'user': 'rag_flow', 'password': '********', 'host': 'minio:9000', 'bucket': '', 'prefix_path': ''}
	es: {'hosts': 'http://es01:9200', 'username': 'elastic', 'password': '********'}
	os: {'hosts': 'http://opensearch01:9201', 'username': 'admin', 'password': '********'}
	infinity: {'uri': 'infinity:23817', 'postgres_port': 5432, 'db_name': 'default_db'}
	oceanbase: {'scheme': 'oceanbase', 'config': {'db_name': 'ragflow_doc', 'user': 'root@ragflow', 'password': 'infini_rag_flow', 'host': 'oceanbase', 'port': 2881}}
	seekdb: {'scheme': 'oceanbase', 'config': {'db_name': 'ragflow_doc', 'user': 'root', 'password': 'infini_rag_flow', 'host': 'seekdb', 'port': 2881}}
	redis: {'db': 1, 'username': '', 'password': '********', 'host': 'redis:6379'}
	user_default_llm: {'default_models': {'embedding_model': {'api_key': 'xxx', 'base_url': 'http://tei:80'}}}
2026-06-11 18:42:08,319 INFO     3370 GET http://es01:9200/ [status:200 duration:0.004s]
2026-06-11 18:42:08,320 INFO     3370 HEAD http://es01:9200/ [status:200 duration:0.001s]
2026-06-11 18:42:08,321 INFO     3370 Use Elasticsearch http://es01:9200 as the doc engine.
2026-06-11 18:42:08,321 INFO     3370 Elasticsearch http://es01:9200 is healthy.
2026-06-11 18:42:08,322 INFO     3370 Use Elasticsearch http://es01:9200 as the doc engine.
2026-06-11 18:42:08,322 INFO     3370 Elasticsearch http://es01:9200 is healthy.
2026-06-11 18:42:08,325 WARNING  3370 Load term.freq FAIL!
2026-06-11 18:42:31,942 INFO     3470 data_sync_0 log path: /ragflow/logs/data_sync_0.log, log levels: {'peewee': 'WARNING', 'pdfminer': 'WARNING', 'root': 'INFO'}
2026-06-11 18:42:31,943 INFO     3470 
  _____        _           _____
 |  __ \      | |         / ____|
 | |  | | __ _| |_ __ _  | (___  _   _ _ __   ___
 | |  | |/ _` | __/ _` |  \___ \| | | | '_ \ / __|
 | |__| | (_| | || (_| |  ____) | |_| | | | | (__
 |_____/ \__,_|\__\__,_| |_____/ \__, |_| |_|\___|
                                  __/ |
                                 |___/
    
2026-06-11 18:42:31,943 INFO     3470 RAGFlow data sync version: v0.25.6
2026-06-11 18:42:31,944 INFO     3470 Current configs, from /ragflow/conf/service_conf.yaml:
	ragflow: {'host': '0.0.0.0', 'http_port': 9380}
	admin: {'host': '0.0.0.0', 'http_port': 9381}
	mysql: {'name': 'rag_flow', 'user': 'root', 'password': '********', 'host': 'mysql', 'port': 3306, 'max_connections': 900, 'stale_timeout': 300, 'max_allowed_packet': 1073741824}
	minio: {'user': 'rag_flow', 'password': '********', 'host': 'minio:9000', 'bucket': '', 'prefix_path': ''}
	es: {'hosts': 'http://es01:9200', 'username': 'elastic', 'password': '********'}
	os: {'hosts': 'http://opensearch01:9201', 'username': 'admin', 'password': '********'}
	infinity: {'uri': 'infinity:23817', 'postgres_port': 5432, 'db_name': 'default_db'}
	oceanbase: {'scheme': 'oceanbase', 'config': {'db_name': 'ragflow_doc', 'user': 'root@ragflow', 'password': 'infini_rag_flow', 'host': 'oceanbase', 'port': 2881}}
	seekdb: {'scheme': 'oceanbase', 'config': {'db_name': 'ragflow_doc', 'user': 'root', 'password': 'infini_rag_flow', 'host': 'seekdb', 'port': 2881}}
	redis: {'db': 1, 'username': '', 'password': '********', 'host': 'redis:6379'}
	user_default_llm: {'default_models': {'embedding_model': {'api_key': 'xxx', 'base_url': 'http://tei:80'}}}
2026-06-11 18:42:31,950 INFO     3470 GET http://es01:9200/ [status:200 duration:0.004s]
2026-06-11 18:42:31,954 INFO     3470 HEAD http://es01:9200/ [status:200 duration:0.003s]
2026-06-11 18:42:31,954 INFO     3470 Use Elasticsearch http://es01:9200 as the doc engine.
2026-06-11 18:42:31,954 INFO     3470 Elasticsearch http://es01:9200 is healthy.
2026-06-11 18:42:31,955 INFO     3470 Use Elasticsearch http://es01:9200 as the doc engine.
2026-06-11 18:42:31,955 INFO     3470 Elasticsearch http://es01:9200 is healthy.
2026-06-11 18:42:31,958 WARNING  3470 Load term.freq FAIL!
2026-06-11 18:45:15,408 INFO     66 data_sync_0 log path: /ragflow/logs/data_sync_0.log, log levels: {'peewee': 'WARNING', 'pdfminer': 'WARNING', 'root': 'INFO'}
2026-06-11 18:45:15,408 INFO     66 
  _____        _           _____
 |  __ \      | |         / ____|
 | |  | | __ _| |_ __ _  | (___  _   _ _ __   ___
 | |  | |/ _` | __/ _` |  \___ \| | | | '_ \ / __|
 | |__| | (_| | || (_| |  ____) | |_| | | | | (__
 |_____/ \__,_|\__\__,_| |_____/ \__, |_| |_|\___|
                                  __/ |
                                 |___/
    
2026-06-11 18:45:15,409 INFO     66 RAGFlow data sync version: v0.25.6
2026-06-11 18:45:15,409 INFO     66 Current configs, from /ragflow/conf/service_conf.yaml:
	ragflow: {'host': '0.0.0.0', 'http_port': 9380}
	admin: {'host': '0.0.0.0', 'http_port': 9381}
	mysql: {'name': 'rag_flow', 'user': 'root', 'password': '********', 'host': 'mysql', 'port': 3306, 'max_connections': 900, 'stale_timeout': 300, 'max_allowed_packet': 1073741824}
	minio: {'user': 'rag_flow', 'password': '********', 'host': 'minio:9000', 'bucket': '', 'prefix_path': ''}
	es: {'hosts': 'http://es01:9200', 'username': 'elastic', 'password': '********'}
	os: {'hosts': 'http://opensearch01:9201', 'username': 'admin', 'password': '********'}
	infinity: {'uri': 'infinity:23817', 'postgres_port': 5432, 'db_name': 'default_db'}
	oceanbase: {'scheme': 'oceanbase', 'config': {'db_name': 'ragflow_doc', 'user': 'root@ragflow', 'password': 'infini_rag_flow', 'host': 'oceanbase', 'port': 2881}}
	seekdb: {'scheme': 'oceanbase', 'config': {'db_name': 'ragflow_doc', 'user': 'root', 'password': 'infini_rag_flow', 'host': 'seekdb', 'port': 2881}}
	redis: {'db': 1, 'username': '', 'password': '********', 'host': 'redis:6379'}
	user_default_llm: {'default_models': {'embedding_model': {'api_key': 'xxx', 'base_url': 'http://tei:80'}}}
2026-06-11 18:45:15,419 INFO     66 GET http://es01:9200/ [status:200 duration:0.007s]
2026-06-11 18:45:15,421 INFO     66 HEAD http://es01:9200/ [status:200 duration:0.002s]
2026-06-11 18:45:15,422 INFO     66 Use Elasticsearch http://es01:9200 as the doc engine.
2026-06-11 18:45:15,422 INFO     66 Elasticsearch http://es01:9200 is healthy.
2026-06-11 18:45:15,423 INFO     66 Use Elasticsearch http://es01:9200 as the doc engine.
2026-06-11 18:45:15,423 INFO     66 Elasticsearch http://es01:9200 is healthy.
2026-06-11 18:45:15,426 WARNING  66 Load term.freq FAIL!
2026-06-11 18:45:39,079 INFO     297 data_sync_0 log path: /ragflow/logs/data_sync_0.log, log levels: {'peewee': 'WARNING', 'pdfminer': 'WARNING', 'root': 'INFO'}
2026-06-11 18:45:39,079 INFO     297 
  _____        _           _____
 |  __ \      | |         / ____|
 | |  | | __ _| |_ __ _  | (___  _   _ _ __   ___
 | |  | |/ _` | __/ _` |  \___ \| | | | '_ \ / __|
 | |__| | (_| | || (_| |  ____) | |_| | | | | (__
 |_____/ \__,_|\__\__,_| |_____/ \__, |_| |_|\___|
                                  __/ |
                                 |___/
    
2026-06-11 18:45:39,080 INFO     297 RAGFlow data sync version: v0.25.6
2026-06-11 18:45:39,080 INFO     297 Current configs, from /ragflow/conf/service_conf.yaml:
	ragflow: {'host': '0.0.0.0', 'http_port': 9380}
	admin: {'host': '0.0.0.0', 'http_port': 9381}
	mysql: {'name': 'rag_flow', 'user': 'root', 'password': '********', 'host': 'mysql', 'port': 3306, 'max_connections': 900, 'stale_timeout': 300, 'max_allowed_packet': 1073741824}
	minio: {'user': 'rag_flow', 'password': '********', 'host': 'minio:9000', 'bucket': '', 'prefix_path': ''}
	es: {'hosts': 'http://es01:9200', 'username': 'elastic', 'password': '********'}
	os: {'hosts': 'http://opensearch01:9201', 'username': 'admin', 'password': '********'}
	infinity: {'uri': 'infinity:23817', 'postgres_port': 5432, 'db_name': 'default_db'}
	oceanbase: {'scheme': 'oceanbase', 'config': {'db_name': 'ragflow_doc', 'user': 'root@ragflow', 'password': 'infini_rag_flow', 'host': 'oceanbase', 'port': 2881}}
	seekdb: {'scheme': 'oceanbase', 'config': {'db_name': 'ragflow_doc', 'user': 'root', 'password': 'infini_rag_flow', 'host': 'seekdb', 'port': 2881}}
	redis: {'db': 1, 'username': '', 'password': '********', 'host': 'redis:6379'}
	user_default_llm: {'default_models': {'embedding_model': {'api_key': 'xxx', 'base_url': 'http://tei:80'}}}
2026-06-11 18:45:39,091 INFO     297 GET http://es01:9200/ [status:200 duration:0.007s]
2026-06-11 18:45:39,093 INFO     297 HEAD http://es01:9200/ [status:200 duration:0.002s]
2026-06-11 18:45:39,094 INFO     297 Use Elasticsearch http://es01:9200 as the doc engine.
2026-06-11 18:45:39,094 INFO     297 Elasticsearch http://es01:9200 is healthy.
2026-06-11 18:45:39,094 INFO     297 Use Elasticsearch http://es01:9200 as the doc engine.
2026-06-11 18:45:39,095 INFO     297 Elasticsearch http://es01:9200 is healthy.
2026-06-11 18:45:39,098 WARNING  297 Load term.freq FAIL!
2026-06-11 18:46:02,809 INFO     372 data_sync_0 log path: /ragflow/logs/data_sync_0.log, log levels: {'peewee': 'WARNING', 'pdfminer': 'WARNING', 'root': 'INFO'}
2026-06-11 18:46:02,810 INFO     372 
  _____        _           _____
 |  __ \      | |         / ____|
 | |  | | __ _| |_ __ _  | (___  _   _ _ __   ___
 | |  | |/ _` | __/ _` |  \___ \| | | | '_ \ / __|
 | |__| | (_| | || (_| |  ____) | |_| | | | | (__
 |_____/ \__,_|\__\__,_| |_____/ \__, |_| |_|\___|
                                  __/ |
                                 |___/
    
2026-06-11 18:46:02,811 INFO     372 RAGFlow data sync version: v0.25.6
2026-06-11 18:46:02,811 INFO     372 Current configs, from /ragflow/conf/service_conf.yaml:
	ragflow: {'host': '0.0.0.0', 'http_port': 9380}
	admin: {'host': '0.0.0.0', 'http_port': 9381}
	mysql: {'name': 'rag_flow', 'user': 'root', 'password': '********', 'host': 'mysql', 'port': 3306, 'max_connections': 900, 'stale_timeout': 300, 'max_allowed_packet': 1073741824}
	minio: {'user': 'rag_flow', 'password': '********', 'host': 'minio:9000', 'bucket': '', 'prefix_path': ''}
	es: {'hosts': 'http://es01:9200', 'username': 'elastic', 'password': '********'}
	os: {'hosts': 'http://opensearch01:9201', 'username': 'admin', 'password': '********'}
	infinity: {'uri': 'infinity:23817', 'postgres_port': 5432, 'db_name': 'default_db'}
	oceanbase: {'scheme': 'oceanbase', 'config': {'db_name': 'ragflow_doc', 'user': 'root@ragflow', 'password': 'infini_rag_flow', 'host': 'oceanbase', 'port': 2881}}
	seekdb: {'scheme': 'oceanbase', 'config': {'db_name': 'ragflow_doc', 'user': 'root', 'password': 'infini_rag_flow', 'host': 'seekdb', 'port': 2881}}
	redis: {'db': 1, 'username': '', 'password': '********', 'host': 'redis:6379'}
	user_default_llm: {'default_models': {'embedding_model': {'api_key': 'xxx', 'base_url': 'http://tei:80'}}}
2026-06-11 18:46:02,820 INFO     372 GET http://es01:9200/ [status:200 duration:0.006s]
2026-06-11 18:46:02,823 INFO     372 HEAD http://es01:9200/ [status:200 duration:0.002s]
2026-06-11 18:46:02,823 INFO     372 Use Elasticsearch http://es01:9200 as the doc engine.
2026-06-11 18:46:02,824 INFO     372 Elasticsearch http://es01:9200 is healthy.
2026-06-11 18:46:02,824 INFO     372 Use Elasticsearch http://es01:9200 as the doc engine.
2026-06-11 18:46:02,824 INFO     372 Elasticsearch http://es01:9200 is healthy.
2026-06-11 18:46:02,827 WARNING  372 Load term.freq FAIL!
2026-06-11 18:46:27,060 INFO     507 data_sync_0 log path: /ragflow/logs/data_sync_0.log, log levels: {'peewee': 'WARNING', 'pdfminer': 'WARNING', 'root': 'INFO'}
2026-06-11 18:46:27,063 INFO     507 
  _____        _           _____
 |  __ \      | |         / ____|
 | |  | | __ _| |_ __ _  | (___  _   _ _ __   ___
 | |  | |/ _` | __/ _` |  \___ \| | | | '_ \ / __|
 | |__| | (_| | || (_| |  ____) | |_| | | | | (__
 |_____/ \__,_|\__\__,_| |_____/ \__, |_| |_|\___|
                                  __/ |
                                 |___/
    
2026-06-11 18:46:27,063 INFO     507 RAGFlow data sync version: v0.25.6
2026-06-11 18:46:27,064 INFO     507 Current configs, from /ragflow/conf/service_conf.yaml:
	ragflow: {'host': '0.0.0.0', 'http_port': 9380}
	admin: {'host': '0.0.0.0', 'http_port': 9381}
	mysql: {'name': 'rag_flow', 'user': 'root', 'password': '********', 'host': 'mysql', 'port': 3306, 'max_connections': 900, 'stale_timeout': 300, 'max_allowed_packet': 1073741824}
	minio: {'user': 'rag_flow', 'password': '********', 'host': 'minio:9000', 'bucket': '', 'prefix_path': ''}
	es: {'hosts': 'http://es01:9200', 'username': 'elastic', 'password': '********'}
	os: {'hosts': 'http://opensearch01:9201', 'username': 'admin', 'password': '********'}
	infinity: {'uri': 'infinity:23817', 'postgres_port': 5432, 'db_name': 'default_db'}
	oceanbase: {'scheme': 'oceanbase', 'config': {'db_name': 'ragflow_doc', 'user': 'root@ragflow', 'password': 'infini_rag_flow', 'host': 'oceanbase', 'port': 2881}}
	seekdb: {'scheme': 'oceanbase', 'config': {'db_name': 'ragflow_doc', 'user': 'root', 'password': 'infini_rag_flow', 'host': 'seekdb', 'port': 2881}}
	redis: {'db': 1, 'username': '', 'password': '********', 'host': 'redis:6379'}
	user_default_llm: {'default_models': {'embedding_model': {'api_key': 'xxx', 'base_url': 'http://tei:80'}}}
2026-06-11 18:46:27,073 INFO     507 GET http://es01:9200/ [status:200 duration:0.007s]
2026-06-11 18:46:27,077 INFO     507 HEAD http://es01:9200/ [status:200 duration:0.003s]
2026-06-11 18:46:27,077 INFO     507 Use Elasticsearch http://es01:9200 as the doc engine.
2026-06-11 18:46:27,078 INFO     507 Elasticsearch http://es01:9200 is healthy.
2026-06-11 18:46:27,078 INFO     507 Use Elasticsearch http://es01:9200 as the doc engine.
2026-06-11 18:46:27,079 INFO     507 Elasticsearch http://es01:9200 is healthy.
2026-06-11 18:46:27,082 WARNING  507 Load term.freq FAIL!
2026-06-11 18:46:51,214 INFO     608 data_sync_0 log path: /ragflow/logs/data_sync_0.log, log levels: {'peewee': 'WARNING', 'pdfminer': 'WARNING', 'root': 'INFO'}
2026-06-11 18:46:51,214 INFO     608 
  _____        _           _____
 |  __ \      | |         / ____|
 | |  | | __ _| |_ __ _  | (___  _   _ _ __   ___
 | |  | |/ _` | __/ _` |  \___ \| | | | '_ \ / __|
 | |__| | (_| | || (_| |  ____) | |_| | | | | (__
 |_____/ \__,_|\__\__,_| |_____/ \__, |_| |_|\___|
                                  __/ |
                                 |___/
    
2026-06-11 18:46:51,215 INFO     608 RAGFlow data sync version: v0.25.6
2026-06-11 18:46:51,215 INFO     608 Current configs, from /ragflow/conf/service_conf.yaml:
	ragflow: {'host': '0.0.0.0', 'http_port': 9380}
	admin: {'host': '0.0.0.0', 'http_port': 9381}
	mysql: {'name': 'rag_flow', 'user': 'root', 'password': '********', 'host': 'mysql', 'port': 3306, 'max_connections': 900, 'stale_timeout': 300, 'max_allowed_packet': 1073741824}
	minio: {'user': 'rag_flow', 'password': '********', 'host': 'minio:9000', 'bucket': '', 'prefix_path': ''}
	es: {'hosts': 'http://es01:9200', 'username': 'elastic', 'password': '********'}
	os: {'hosts': 'http://opensearch01:9201', 'username': 'admin', 'password': '********'}
	infinity: {'uri': 'infinity:23817', 'postgres_port': 5432, 'db_name': 'default_db'}
	oceanbase: {'scheme': 'oceanbase', 'config': {'db_name': 'ragflow_doc', 'user': 'root@ragflow', 'password': 'infini_rag_flow', 'host': 'oceanbase', 'port': 2881}}
	seekdb: {'scheme': 'oceanbase', 'config': {'db_name': 'ragflow_doc', 'user': 'root', 'password': 'infini_rag_flow', 'host': 'seekdb', 'port': 2881}}
	redis: {'db': 1, 'username': '', 'password': '********', 'host': 'redis:6379'}
	user_default_llm: {'default_models': {'embedding_model': {'api_key': 'xxx', 'base_url': 'http://tei:80'}}}
2026-06-11 18:46:51,223 INFO     608 GET http://es01:9200/ [status:200 duration:0.006s]
2026-06-11 18:46:51,226 INFO     608 HEAD http://es01:9200/ [status:200 duration:0.002s]
2026-06-11 18:46:51,226 INFO     608 Use Elasticsearch http://es01:9200 as the doc engine.
2026-06-11 18:46:51,227 INFO     608 Elasticsearch http://es01:9200 is healthy.
2026-06-11 18:46:51,227 INFO     608 Use Elasticsearch http://es01:9200 as the doc engine.
2026-06-11 18:46:51,227 INFO     608 Elasticsearch http://es01:9200 is healthy.
2026-06-11 18:46:51,230 WARNING  608 Load term.freq FAIL!
2026-06-11 18:47:15,480 INFO     745 data_sync_0 log path: /ragflow/logs/data_sync_0.log, log levels: {'peewee': 'WARNING', 'pdfminer': 'WARNING', 'root': 'INFO'}
2026-06-11 18:47:15,480 INFO     745 
  _____        _           _____
 |  __ \      | |         / ____|
 | |  | | __ _| |_ __ _  | (___  _   _ _ __   ___
 | |  | |/ _` | __/ _` |  \___ \| | | | '_ \ / __|
 | |__| | (_| | || (_| |  ____) | |_| | | | | (__
 |_____/ \__,_|\__\__,_| |_____/ \__, |_| |_|\___|
                                  __/ |
                                 |___/
    
2026-06-11 18:47:15,481 INFO     745 RAGFlow data sync version: v0.25.6
2026-06-11 18:47:15,481 INFO     745 Current configs, from /ragflow/conf/service_conf.yaml:
	ragflow: {'host': '0.0.0.0', 'http_port': 9380}
	admin: {'host': '0.0.0.0', 'http_port': 9381}
	mysql: {'name': 'rag_flow', 'user': 'root', 'password': '********', 'host': 'mysql', 'port': 3306, 'max_connections': 900, 'stale_timeout': 300, 'max_allowed_packet': 1073741824}
	minio: {'user': 'rag_flow', 'password': '********', 'host': 'minio:9000', 'bucket': '', 'prefix_path': ''}
	es: {'hosts': 'http://es01:9200', 'username': 'elastic', 'password': '********'}
	os: {'hosts': 'http://opensearch01:9201', 'username': 'admin', 'password': '********'}
	infinity: {'uri': 'infinity:23817', 'postgres_port': 5432, 'db_name': 'default_db'}
	oceanbase: {'scheme': 'oceanbase', 'config': {'db_name': 'ragflow_doc', 'user': 'root@ragflow', 'password': 'infini_rag_flow', 'host': 'oceanbase', 'port': 2881}}
	seekdb: {'scheme': 'oceanbase', 'config': {'db_name': 'ragflow_doc', 'user': 'root', 'password': 'infini_rag_flow', 'host': 'seekdb', 'port': 2881}}
	redis: {'db': 1, 'username': '', 'password': '********', 'host': 'redis:6379'}
	user_default_llm: {'default_models': {'embedding_model': {'api_key': 'xxx', 'base_url': 'http://tei:80'}}}
2026-06-11 18:47:15,489 INFO     745 GET http://es01:9200/ [status:200 duration:0.005s]
2026-06-11 18:47:15,492 INFO     745 HEAD http://es01:9200/ [status:200 duration:0.003s]
2026-06-11 18:47:15,493 INFO     745 Use Elasticsearch http://es01:9200 as the doc engine.
2026-06-11 18:47:15,493 INFO     745 Elasticsearch http://es01:9200 is healthy.
2026-06-11 18:47:15,494 INFO     745 Use Elasticsearch http://es01:9200 as the doc engine.
2026-06-11 18:47:15,494 INFO     745 Elasticsearch http://es01:9200 is healthy.
2026-06-11 18:47:15,497 WARNING  745 Load term.freq FAIL!
2026-06-11 18:47:39,857 INFO     820 data_sync_0 log path: /ragflow/logs/data_sync_0.log, log levels: {'peewee': 'WARNING', 'pdfminer': 'WARNING', 'root': 'INFO'}
2026-06-11 18:47:39,857 INFO     820 
  _____        _           _____
 |  __ \      | |         / ____|
 | |  | | __ _| |_ __ _  | (___  _   _ _ __   ___
 | |  | |/ _` | __/ _` |  \___ \| | | | '_ \ / __|
 | |__| | (_| | || (_| |  ____) | |_| | | | | (__
 |_____/ \__,_|\__\__,_| |_____/ \__, |_| |_|\___|
                                  __/ |
                                 |___/
    
2026-06-11 18:47:39,858 INFO     820 RAGFlow data sync version: v0.25.6
2026-06-11 18:47:39,858 INFO     820 Current configs, from /ragflow/conf/service_conf.yaml:
	ragflow: {'host': '0.0.0.0', 'http_port': 9380}
	admin: {'host': '0.0.0.0', 'http_port': 9381}
	mysql: {'name': 'rag_flow', 'user': 'root', 'password': '********', 'host': 'mysql', 'port': 3306, 'max_connections': 900, 'stale_timeout': 300, 'max_allowed_packet': 1073741824}
	minio: {'user': 'rag_flow', 'password': '********', 'host': 'minio:9000', 'bucket': '', 'prefix_path': ''}
	es: {'hosts': 'http://es01:9200', 'username': 'elastic', 'password': '********'}
	os: {'hosts': 'http://opensearch01:9201', 'username': 'admin', 'password': '********'}
	infinity: {'uri': 'infinity:23817', 'postgres_port': 5432, 'db_name': 'default_db'}
	oceanbase: {'scheme': 'oceanbase', 'config': {'db_name': 'ragflow_doc', 'user': 'root@ragflow', 'password': 'infini_rag_flow', 'host': 'oceanbase', 'port': 2881}}
	seekdb: {'scheme': 'oceanbase', 'config': {'db_name': 'ragflow_doc', 'user': 'root', 'password': 'infini_rag_flow', 'host': 'seekdb', 'port': 2881}}
	redis: {'db': 1, 'username': '', 'password': '********', 'host': 'redis:6379'}
	user_default_llm: {'default_models': {'embedding_model': {'api_key': 'xxx', 'base_url': 'http://tei:80'}}}
2026-06-11 18:47:39,864 INFO     820 GET http://es01:9200/ [status:200 duration:0.004s]
2026-06-11 18:47:39,866 INFO     820 HEAD http://es01:9200/ [status:200 duration:0.001s]
2026-06-11 18:47:39,867 INFO     820 Use Elasticsearch http://es01:9200 as the doc engine.
2026-06-11 18:47:39,867 INFO     820 Elasticsearch http://es01:9200 is healthy.
2026-06-11 18:47:39,867 INFO     820 Use Elasticsearch http://es01:9200 as the doc engine.
2026-06-11 18:47:39,868 INFO     820 Elasticsearch http://es01:9200 is healthy.
2026-06-11 18:47:39,870 WARNING  820 Load term.freq FAIL!
2026-06-11 18:48:03,283 INFO     956 data_sync_0 log path: /ragflow/logs/data_sync_0.log, log levels: {'peewee': 'WARNING', 'pdfminer': 'WARNING', 'root': 'INFO'}
2026-06-11 18:48:03,284 INFO     956 
  _____        _           _____
 |  __ \      | |         / ____|
 | |  | | __ _| |_ __ _  | (___  _   _ _ __   ___
 | |  | |/ _` | __/ _` |  \___ \| | | | '_ \ / __|
 | |__| | (_| | || (_| |  ____) | |_| | | | | (__
 |_____/ \__,_|\__\__,_| |_____/ \__, |_| |_|\___|
                                  __/ |
                                 |___/
    
2026-06-11 18:48:03,284 INFO     956 RAGFlow data sync version: v0.25.6
2026-06-11 18:48:03,284 INFO     956 Current configs, from /ragflow/conf/service_conf.yaml:
	ragflow: {'host': '0.0.0.0', 'http_port': 9380}
	admin: {'host': '0.0.0.0', 'http_port': 9381}
	mysql: {'name': 'rag_flow', 'user': 'root', 'password': '********', 'host': 'mysql', 'port': 3306, 'max_connections': 900, 'stale_timeout': 300, 'max_allowed_packet': 1073741824}
	minio: {'user': 'rag_flow', 'password': '********', 'host': 'minio:9000', 'bucket': '', 'prefix_path': ''}
	es: {'hosts': 'http://es01:9200', 'username': 'elastic', 'password': '********'}
	os: {'hosts': 'http://opensearch01:9201', 'username': 'admin', 'password': '********'}
	infinity: {'uri': 'infinity:23817', 'postgres_port': 5432, 'db_name': 'default_db'}
	oceanbase: {'scheme': 'oceanbase', 'config': {'db_name': 'ragflow_doc', 'user': 'root@ragflow', 'password': 'infini_rag_flow', 'host': 'oceanbase', 'port': 2881}}
	seekdb: {'scheme': 'oceanbase', 'config': {'db_name': 'ragflow_doc', 'user': 'root', 'password': 'infini_rag_flow', 'host': 'seekdb', 'port': 2881}}
	redis: {'db': 1, 'username': '', 'password': '********', 'host': 'redis:6379'}
	user_default_llm: {'default_models': {'embedding_model': {'api_key': 'xxx', 'base_url': 'http://tei:80'}}}
2026-06-11 18:48:03,292 INFO     956 GET http://es01:9200/ [status:200 duration:0.004s]
2026-06-11 18:48:03,294 INFO     956 HEAD http://es01:9200/ [status:200 duration:0.002s]
2026-06-11 18:48:03,295 INFO     956 Use Elasticsearch http://es01:9200 as the doc engine.
2026-06-11 18:48:03,295 INFO     956 Elasticsearch http://es01:9200 is healthy.
2026-06-11 18:48:03,295 INFO     956 Use Elasticsearch http://es01:9200 as the doc engine.
2026-06-11 18:48:03,296 INFO     956 Elasticsearch http://es01:9200 is healthy.
2026-06-11 18:48:03,298 WARNING  956 Load term.freq FAIL!
2026-06-11 18:48:26,534 INFO     1056 data_sync_0 log path: /ragflow/logs/data_sync_0.log, log levels: {'peewee': 'WARNING', 'pdfminer': 'WARNING', 'root': 'INFO'}
2026-06-11 18:48:26,535 INFO     1056 
  _____        _           _____
 |  __ \      | |         / ____|
 | |  | | __ _| |_ __ _  | (___  _   _ _ __   ___
 | |  | |/ _` | __/ _` |  \___ \| | | | '_ \ / __|
 | |__| | (_| | || (_| |  ____) | |_| | | | | (__
 |_____/ \__,_|\__\__,_| |_____/ \__, |_| |_|\___|
                                  __/ |
                                 |___/
    
2026-06-11 18:48:26,535 INFO     1056 RAGFlow data sync version: v0.25.6
2026-06-11 18:48:26,536 INFO     1056 Current configs, from /ragflow/conf/service_conf.yaml:
	ragflow: {'host': '0.0.0.0', 'http_port': 9380}
	admin: {'host': '0.0.0.0', 'http_port': 9381}
	mysql: {'name': 'rag_flow', 'user': 'root', 'password': '********', 'host': 'mysql', 'port': 3306, 'max_connections': 900, 'stale_timeout': 300, 'max_allowed_packet': 1073741824}
	minio: {'user': 'rag_flow', 'password': '********', 'host': 'minio:9000', 'bucket': '', 'prefix_path': ''}
	es: {'hosts': 'http://es01:9200', 'username': 'elastic', 'password': '********'}
	os: {'hosts': 'http://opensearch01:9201', 'username': 'admin', 'password': '********'}
	infinity: {'uri': 'infinity:23817', 'postgres_port': 5432, 'db_name': 'default_db'}
	oceanbase: {'scheme': 'oceanbase', 'config': {'db_name': 'ragflow_doc', 'user': 'root@ragflow', 'password': 'infini_rag_flow', 'host': 'oceanbase', 'port': 2881}}
	seekdb: {'scheme': 'oceanbase', 'config': {'db_name': 'ragflow_doc', 'user': 'root', 'password': 'infini_rag_flow', 'host': 'seekdb', 'port': 2881}}
	redis: {'db': 1, 'username': '', 'password': '********', 'host': 'redis:6379'}
	user_default_llm: {'default_models': {'embedding_model': {'api_key': 'xxx', 'base_url': 'http://tei:80'}}}
2026-06-11 18:48:26,543 INFO     1056 GET http://es01:9200/ [status:200 duration:0.004s]
2026-06-11 18:48:26,546 INFO     1056 HEAD http://es01:9200/ [status:200 duration:0.002s]
2026-06-11 18:48:26,546 INFO     1056 Use Elasticsearch http://es01:9200 as the doc engine.
2026-06-11 18:48:26,546 INFO     1056 Elasticsearch http://es01:9200 is healthy.
2026-06-11 18:48:26,547 INFO     1056 Use Elasticsearch http://es01:9200 as the doc engine.
2026-06-11 18:48:26,548 INFO     1056 Elasticsearch http://es01:9200 is healthy.
2026-06-11 18:48:26,550 WARNING  1056 Load term.freq FAIL!
2026-06-11 18:48:50,848 INFO     1193 data_sync_0 log path: /ragflow/logs/data_sync_0.log, log levels: {'peewee': 'WARNING', 'pdfminer': 'WARNING', 'root': 'INFO'}
2026-06-11 18:48:50,848 INFO     1193 
  _____        _           _____
 |  __ \      | |         / ____|
 | |  | | __ _| |_ __ _  | (___  _   _ _ __   ___
 | |  | |/ _` | __/ _` |  \___ \| | | | '_ \ / __|
 | |__| | (_| | || (_| |  ____) | |_| | | | | (__
 |_____/ \__,_|\__\__,_| |_____/ \__, |_| |_|\___|
                                  __/ |
                                 |___/
    
2026-06-11 18:48:50,849 INFO     1193 RAGFlow data sync version: v0.25.6
2026-06-11 18:48:50,849 INFO     1193 Current configs, from /ragflow/conf/service_conf.yaml:
	ragflow: {'host': '0.0.0.0', 'http_port': 9380}
	admin: {'host': '0.0.0.0', 'http_port': 9381}
	mysql: {'name': 'rag_flow', 'user': 'root', 'password': '********', 'host': 'mysql', 'port': 3306, 'max_connections': 900, 'stale_timeout': 300, 'max_allowed_packet': 1073741824}
	minio: {'user': 'rag_flow', 'password': '********', 'host': 'minio:9000', 'bucket': '', 'prefix_path': ''}
	es: {'hosts': 'http://es01:9200', 'username': 'elastic', 'password': '********'}
	os: {'hosts': 'http://opensearch01:9201', 'username': 'admin', 'password': '********'}
	infinity: {'uri': 'infinity:23817', 'postgres_port': 5432, 'db_name': 'default_db'}
	oceanbase: {'scheme': 'oceanbase', 'config': {'db_name': 'ragflow_doc', 'user': 'root@ragflow', 'password': 'infini_rag_flow', 'host': 'oceanbase', 'port': 2881}}
	seekdb: {'scheme': 'oceanbase', 'config': {'db_name': 'ragflow_doc', 'user': 'root', 'password': 'infini_rag_flow', 'host': 'seekdb', 'port': 2881}}
	redis: {'db': 1, 'username': '', 'password': '********', 'host': 'redis:6379'}
	user_default_llm: {'default_models': {'embedding_model': {'api_key': 'xxx', 'base_url': 'http://tei:80'}}}
2026-06-11 18:48:50,857 INFO     1193 GET http://es01:9200/ [status:200 duration:0.005s]
2026-06-11 18:48:50,860 INFO     1193 HEAD http://es01:9200/ [status:200 duration:0.002s]
2026-06-11 18:48:50,861 INFO     1193 Use Elasticsearch http://es01:9200 as the doc engine.
2026-06-11 18:48:50,861 INFO     1193 Elasticsearch http://es01:9200 is healthy.
2026-06-11 18:48:50,862 INFO     1193 Use Elasticsearch http://es01:9200 as the doc engine.
2026-06-11 18:48:50,862 INFO     1193 Elasticsearch http://es01:9200 is healthy.
2026-06-11 18:48:50,865 WARNING  1193 Load term.freq FAIL!
2026-06-11 18:49:15,031 INFO     1268 data_sync_0 log path: /ragflow/logs/data_sync_0.log, log levels: {'peewee': 'WARNING', 'pdfminer': 'WARNING', 'root': 'INFO'}
2026-06-11 18:49:15,032 INFO     1268 
  _____        _           _____
 |  __ \      | |         / ____|
 | |  | | __ _| |_ __ _  | (___  _   _ _ __   ___
 | |  | |/ _` | __/ _` |  \___ \| | | | '_ \ / __|
 | |__| | (_| | || (_| |  ____) | |_| | | | | (__
 |_____/ \__,_|\__\__,_| |_____/ \__, |_| |_|\___|
                                  __/ |
                                 |___/
    
2026-06-11 18:49:15,032 INFO     1268 RAGFlow data sync version: v0.25.6
2026-06-11 18:49:15,032 INFO     1268 Current configs, from /ragflow/conf/service_conf.yaml:
	ragflow: {'host': '0.0.0.0', 'http_port': 9380}
	admin: {'host': '0.0.0.0', 'http_port': 9381}
	mysql: {'name': 'rag_flow', 'user': 'root', 'password': '********', 'host': 'mysql', 'port': 3306, 'max_connections': 900, 'stale_timeout': 300, 'max_allowed_packet': 1073741824}
	minio: {'user': 'rag_flow', 'password': '********', 'host': 'minio:9000', 'bucket': '', 'prefix_path': ''}
	es: {'hosts': 'http://es01:9200', 'username': 'elastic', 'password': '********'}
	os: {'hosts': 'http://opensearch01:9201', 'username': 'admin', 'password': '********'}
	infinity: {'uri': 'infinity:23817', 'postgres_port': 5432, 'db_name': 'default_db'}
	oceanbase: {'scheme': 'oceanbase', 'config': {'db_name': 'ragflow_doc', 'user': 'root@ragflow', 'password': 'infini_rag_flow', 'host': 'oceanbase', 'port': 2881}}
	seekdb: {'scheme': 'oceanbase', 'config': {'db_name': 'ragflow_doc', 'user': 'root', 'password': 'infini_rag_flow', 'host': 'seekdb', 'port': 2881}}
	redis: {'db': 1, 'username': '', 'password': '********', 'host': 'redis:6379'}
	user_default_llm: {'default_models': {'embedding_model': {'api_key': 'xxx', 'base_url': 'http://tei:80'}}}
2026-06-11 18:49:15,040 INFO     1268 GET http://es01:9200/ [status:200 duration:0.005s]
2026-06-11 18:49:15,042 INFO     1268 HEAD http://es01:9200/ [status:200 duration:0.002s]
2026-06-11 18:49:15,043 INFO     1268 Use Elasticsearch http://es01:9200 as the doc engine.
2026-06-11 18:49:15,043 INFO     1268 Elasticsearch http://es01:9200 is healthy.
2026-06-11 18:49:15,043 INFO     1268 Use Elasticsearch http://es01:9200 as the doc engine.
2026-06-11 18:49:15,044 INFO     1268 Elasticsearch http://es01:9200 is healthy.
2026-06-11 18:49:15,047 WARNING  1268 Load term.freq FAIL!
2026-06-11 18:49:39,211 INFO     1404 data_sync_0 log path: /ragflow/logs/data_sync_0.log, log levels: {'peewee': 'WARNING', 'pdfminer': 'WARNING', 'root': 'INFO'}
2026-06-11 18:49:39,212 INFO     1404 
  _____        _           _____
 |  __ \      | |         / ____|
 | |  | | __ _| |_ __ _  | (___  _   _ _ __   ___
 | |  | |/ _` | __/ _` |  \___ \| | | | '_ \ / __|
 | |__| | (_| | || (_| |  ____) | |_| | | | | (__
 |_____/ \__,_|\__\__,_| |_____/ \__, |_| |_|\___|
                                  __/ |
                                 |___/
    
2026-06-11 18:49:39,212 INFO     1404 RAGFlow data sync version: v0.25.6
2026-06-11 18:49:39,212 INFO     1404 Current configs, from /ragflow/conf/service_conf.yaml:
	ragflow: {'host': '0.0.0.0', 'http_port': 9380}
	admin: {'host': '0.0.0.0', 'http_port': 9381}
	mysql: {'name': 'rag_flow', 'user': 'root', 'password': '********', 'host': 'mysql', 'port': 3306, 'max_connections': 900, 'stale_timeout': 300, 'max_allowed_packet': 1073741824}
	minio: {'user': 'rag_flow', 'password': '********', 'host': 'minio:9000', 'bucket': '', 'prefix_path': ''}
	es: {'hosts': 'http://es01:9200', 'username': 'elastic', 'password': '********'}
	os: {'hosts': 'http://opensearch01:9201', 'username': 'admin', 'password': '********'}
	infinity: {'uri': 'infinity:23817', 'postgres_port': 5432, 'db_name': 'default_db'}
	oceanbase: {'scheme': 'oceanbase', 'config': {'db_name': 'ragflow_doc', 'user': 'root@ragflow', 'password': 'infini_rag_flow', 'host': 'oceanbase', 'port': 2881}}
	seekdb: {'scheme': 'oceanbase', 'config': {'db_name': 'ragflow_doc', 'user': 'root', 'password': 'infini_rag_flow', 'host': 'seekdb', 'port': 2881}}
	redis: {'db': 1, 'username': '', 'password': '********', 'host': 'redis:6379'}
	user_default_llm: {'default_models': {'embedding_model': {'api_key': 'xxx', 'base_url': 'http://tei:80'}}}
2026-06-11 18:49:39,219 INFO     1404 GET http://es01:9200/ [status:200 duration:0.004s]
2026-06-11 18:49:39,221 INFO     1404 HEAD http://es01:9200/ [status:200 duration:0.001s]
2026-06-11 18:49:39,222 INFO     1404 Use Elasticsearch http://es01:9200 as the doc engine.
2026-06-11 18:49:39,222 INFO     1404 Elasticsearch http://es01:9200 is healthy.
2026-06-11 18:49:39,222 INFO     1404 Use Elasticsearch http://es01:9200 as the doc engine.
2026-06-11 18:49:39,223 INFO     1404 Elasticsearch http://es01:9200 is healthy.
2026-06-11 18:49:39,226 WARNING  1404 Load term.freq FAIL!
2026-06-11 18:50:03,654 INFO     1504 data_sync_0 log path: /ragflow/logs/data_sync_0.log, log levels: {'peewee': 'WARNING', 'pdfminer': 'WARNING', 'root': 'INFO'}
2026-06-11 18:50:03,655 INFO     1504 
  _____        _           _____
 |  __ \      | |         / ____|
 | |  | | __ _| |_ __ _  | (___  _   _ _ __   ___
 | |  | |/ _` | __/ _` |  \___ \| | | | '_ \ / __|
 | |__| | (_| | || (_| |  ____) | |_| | | | | (__
 |_____/ \__,_|\__\__,_| |_____/ \__, |_| |_|\___|
                                  __/ |
                                 |___/
    
2026-06-11 18:50:03,655 INFO     1504 RAGFlow data sync version: v0.25.6
2026-06-11 18:50:03,656 INFO     1504 Current configs, from /ragflow/conf/service_conf.yaml:
	ragflow: {'host': '0.0.0.0', 'http_port': 9380}
	admin: {'host': '0.0.0.0', 'http_port': 9381}
	mysql: {'name': 'rag_flow', 'user': 'root', 'password': '********', 'host': 'mysql', 'port': 3306, 'max_connections': 900, 'stale_timeout': 300, 'max_allowed_packet': 1073741824}
	minio: {'user': 'rag_flow', 'password': '********', 'host': 'minio:9000', 'bucket': '', 'prefix_path': ''}
	es: {'hosts': 'http://es01:9200', 'username': 'elastic', 'password': '********'}
	os: {'hosts': 'http://opensearch01:9201', 'username': 'admin', 'password': '********'}
	infinity: {'uri': 'infinity:23817', 'postgres_port': 5432, 'db_name': 'default_db'}
	oceanbase: {'scheme': 'oceanbase', 'config': {'db_name': 'ragflow_doc', 'user': 'root@ragflow', 'password': 'infini_rag_flow', 'host': 'oceanbase', 'port': 2881}}
	seekdb: {'scheme': 'oceanbase', 'config': {'db_name': 'ragflow_doc', 'user': 'root', 'password': 'infini_rag_flow', 'host': 'seekdb', 'port': 2881}}
	redis: {'db': 1, 'username': '', 'password': '********', 'host': 'redis:6379'}
	user_default_llm: {'default_models': {'embedding_model': {'api_key': 'xxx', 'base_url': 'http://tei:80'}}}
2026-06-11 18:50:03,662 INFO     1504 GET http://es01:9200/ [status:200 duration:0.004s]
2026-06-11 18:50:03,665 INFO     1504 HEAD http://es01:9200/ [status:200 duration:0.002s]
2026-06-11 18:50:03,666 INFO     1504 Use Elasticsearch http://es01:9200 as the doc engine.
2026-06-11 18:50:03,666 INFO     1504 Elasticsearch http://es01:9200 is healthy.
2026-06-11 18:50:03,666 INFO     1504 Use Elasticsearch http://es01:9200 as the doc engine.
2026-06-11 18:50:03,667 INFO     1504 Elasticsearch http://es01:9200 is healthy.
2026-06-11 18:50:03,670 WARNING  1504 Load term.freq FAIL!
2026-06-11 18:50:27,405 INFO     1641 data_sync_0 log path: /ragflow/logs/data_sync_0.log, log levels: {'peewee': 'WARNING', 'pdfminer': 'WARNING', 'root': 'INFO'}
2026-06-11 18:50:27,406 INFO     1641 
  _____        _           _____
 |  __ \      | |         / ____|
 | |  | | __ _| |_ __ _  | (___  _   _ _ __   ___
 | |  | |/ _` | __/ _` |  \___ \| | | | '_ \ / __|
 | |__| | (_| | || (_| |  ____) | |_| | | | | (__
 |_____/ \__,_|\__\__,_| |_____/ \__, |_| |_|\___|
                                  __/ |
                                 |___/
    
2026-06-11 18:50:27,407 INFO     1641 RAGFlow data sync version: v0.25.6
2026-06-11 18:50:27,407 INFO     1641 Current configs, from /ragflow/conf/service_conf.yaml:
	ragflow: {'host': '0.0.0.0', 'http_port': 9380}
	admin: {'host': '0.0.0.0', 'http_port': 9381}
	mysql: {'name': 'rag_flow', 'user': 'root', 'password': '********', 'host': 'mysql', 'port': 3306, 'max_connections': 900, 'stale_timeout': 300, 'max_allowed_packet': 1073741824}
	minio: {'user': 'rag_flow', 'password': '********', 'host': 'minio:9000', 'bucket': '', 'prefix_path': ''}
	es: {'hosts': 'http://es01:9200', 'username': 'elastic', 'password': '********'}
	os: {'hosts': 'http://opensearch01:9201', 'username': 'admin', 'password': '********'}
	infinity: {'uri': 'infinity:23817', 'postgres_port': 5432, 'db_name': 'default_db'}
	oceanbase: {'scheme': 'oceanbase', 'config': {'db_name': 'ragflow_doc', 'user': 'root@ragflow', 'password': 'infini_rag_flow', 'host': 'oceanbase', 'port': 2881}}
	seekdb: {'scheme': 'oceanbase', 'config': {'db_name': 'ragflow_doc', 'user': 'root', 'password': 'infini_rag_flow', 'host': 'seekdb', 'port': 2881}}
	redis: {'db': 1, 'username': '', 'password': '********', 'host': 'redis:6379'}
	user_default_llm: {'default_models': {'embedding_model': {'api_key': 'xxx', 'base_url': 'http://tei:80'}}}
2026-06-11 18:50:27,415 INFO     1641 GET http://es01:9200/ [status:200 duration:0.004s]
2026-06-11 18:50:27,417 INFO     1641 HEAD http://es01:9200/ [status:200 duration:0.002s]
2026-06-11 18:50:27,418 INFO     1641 Use Elasticsearch http://es01:9200 as the doc engine.
2026-06-11 18:50:27,418 INFO     1641 Elasticsearch http://es01:9200 is healthy.
2026-06-11 18:50:27,418 INFO     1641 Use Elasticsearch http://es01:9200 as the doc engine.
2026-06-11 18:50:27,419 INFO     1641 Elasticsearch http://es01:9200 is healthy.
2026-06-11 18:50:27,421 WARNING  1641 Load term.freq FAIL!
2026-06-11 18:50:51,658 INFO     1716 data_sync_0 log path: /ragflow/logs/data_sync_0.log, log levels: {'peewee': 'WARNING', 'pdfminer': 'WARNING', 'root': 'INFO'}
2026-06-11 18:50:51,659 INFO     1716 
  _____        _           _____
 |  __ \      | |         / ____|
 | |  | | __ _| |_ __ _  | (___  _   _ _ __   ___
 | |  | |/ _` | __/ _` |  \___ \| | | | '_ \ / __|
 | |__| | (_| | || (_| |  ____) | |_| | | | | (__
 |_____/ \__,_|\__\__,_| |_____/ \__, |_| |_|\___|
                                  __/ |
                                 |___/
    
2026-06-11 18:50:51,659 INFO     1716 RAGFlow data sync version: v0.25.6
2026-06-11 18:50:51,659 INFO     1716 Current configs, from /ragflow/conf/service_conf.yaml:
	ragflow: {'host': '0.0.0.0', 'http_port': 9380}
	admin: {'host': '0.0.0.0', 'http_port': 9381}
	mysql: {'name': 'rag_flow', 'user': 'root', 'password': '********', 'host': 'mysql', 'port': 3306, 'max_connections': 900, 'stale_timeout': 300, 'max_allowed_packet': 1073741824}
	minio: {'user': 'rag_flow', 'password': '********', 'host': 'minio:9000', 'bucket': '', 'prefix_path': ''}
	es: {'hosts': 'http://es01:9200', 'username': 'elastic', 'password': '********'}
	os: {'hosts': 'http://opensearch01:9201', 'username': 'admin', 'password': '********'}
	infinity: {'uri': 'infinity:23817', 'postgres_port': 5432, 'db_name': 'default_db'}
	oceanbase: {'scheme': 'oceanbase', 'config': {'db_name': 'ragflow_doc', 'user': 'root@ragflow', 'password': 'infini_rag_flow', 'host': 'oceanbase', 'port': 2881}}
	seekdb: {'scheme': 'oceanbase', 'config': {'db_name': 'ragflow_doc', 'user': 'root', 'password': 'infini_rag_flow', 'host': 'seekdb', 'port': 2881}}
	redis: {'db': 1, 'username': '', 'password': '********', 'host': 'redis:6379'}
	user_default_llm: {'default_models': {'embedding_model': {'api_key': 'xxx', 'base_url': 'http://tei:80'}}}
2026-06-11 18:50:51,667 INFO     1716 GET http://es01:9200/ [status:200 duration:0.005s]
2026-06-11 18:50:51,670 INFO     1716 HEAD http://es01:9200/ [status:200 duration:0.002s]
2026-06-11 18:50:51,671 INFO     1716 Use Elasticsearch http://es01:9200 as the doc engine.
2026-06-11 18:50:51,671 INFO     1716 Elasticsearch http://es01:9200 is healthy.
2026-06-11 18:50:51,672 INFO     1716 Use Elasticsearch http://es01:9200 as the doc engine.
2026-06-11 18:50:51,672 INFO     1716 Elasticsearch http://es01:9200 is healthy.
2026-06-11 18:50:51,676 WARNING  1716 Load term.freq FAIL!
2026-06-11 18:51:15,967 INFO     1851 data_sync_0 log path: /ragflow/logs/data_sync_0.log, log levels: {'peewee': 'WARNING', 'pdfminer': 'WARNING', 'root': 'INFO'}
2026-06-11 18:51:15,968 INFO     1851 
  _____        _           _____
 |  __ \      | |         / ____|
 | |  | | __ _| |_ __ _  | (___  _   _ _ __   ___
 | |  | |/ _` | __/ _` |  \___ \| | | | '_ \ / __|
 | |__| | (_| | || (_| |  ____) | |_| | | | | (__
 |_____/ \__,_|\__\__,_| |_____/ \__, |_| |_|\___|
                                  __/ |
                                 |___/
    
2026-06-11 18:51:15,968 INFO     1851 RAGFlow data sync version: v0.25.6
2026-06-11 18:51:15,968 INFO     1851 Current configs, from /ragflow/conf/service_conf.yaml:
	ragflow: {'host': '0.0.0.0', 'http_port': 9380}
	admin: {'host': '0.0.0.0', 'http_port': 9381}
	mysql: {'name': 'rag_flow', 'user': 'root', 'password': '********', 'host': 'mysql', 'port': 3306, 'max_connections': 900, 'stale_timeout': 300, 'max_allowed_packet': 1073741824}
	minio: {'user': 'rag_flow', 'password': '********', 'host': 'minio:9000', 'bucket': '', 'prefix_path': ''}
	es: {'hosts': 'http://es01:9200', 'username': 'elastic', 'password': '********'}
	os: {'hosts': 'http://opensearch01:9201', 'username': 'admin', 'password': '********'}
	infinity: {'uri': 'infinity:23817', 'postgres_port': 5432, 'db_name': 'default_db'}
	oceanbase: {'scheme': 'oceanbase', 'config': {'db_name': 'ragflow_doc', 'user': 'root@ragflow', 'password': 'infini_rag_flow', 'host': 'oceanbase', 'port': 2881}}
	seekdb: {'scheme': 'oceanbase', 'config': {'db_name': 'ragflow_doc', 'user': 'root', 'password': 'infini_rag_flow', 'host': 'seekdb', 'port': 2881}}
	redis: {'db': 1, 'username': '', 'password': '********', 'host': 'redis:6379'}
	user_default_llm: {'default_models': {'embedding_model': {'api_key': 'xxx', 'base_url': 'http://tei:80'}}}
2026-06-11 18:51:15,976 INFO     1851 GET http://es01:9200/ [status:200 duration:0.004s]
2026-06-11 18:51:15,979 INFO     1851 HEAD http://es01:9200/ [status:200 duration:0.002s]
2026-06-11 18:51:15,979 INFO     1851 Use Elasticsearch http://es01:9200 as the doc engine.
2026-06-11 18:51:15,980 INFO     1851 Elasticsearch http://es01:9200 is healthy.
2026-06-11 18:51:15,980 INFO     1851 Use Elasticsearch http://es01:9200 as the doc engine.
2026-06-11 18:51:15,981 INFO     1851 Elasticsearch http://es01:9200 is healthy.
2026-06-11 18:51:15,984 WARNING  1851 Load term.freq FAIL!
2026-06-11 18:51:40,222 INFO     1952 data_sync_0 log path: /ragflow/logs/data_sync_0.log, log levels: {'peewee': 'WARNING', 'pdfminer': 'WARNING', 'root': 'INFO'}
2026-06-11 18:51:40,222 INFO     1952 
  _____        _           _____
 |  __ \      | |         / ____|
 | |  | | __ _| |_ __ _  | (___  _   _ _ __   ___
 | |  | |/ _` | __/ _` |  \___ \| | | | '_ \ / __|
 | |__| | (_| | || (_| |  ____) | |_| | | | | (__
 |_____/ \__,_|\__\__,_| |_____/ \__, |_| |_|\___|
                                  __/ |
                                 |___/
    
2026-06-11 18:51:40,223 INFO     1952 RAGFlow data sync version: v0.25.6
2026-06-11 18:51:40,223 INFO     1952 Current configs, from /ragflow/conf/service_conf.yaml:
	ragflow: {'host': '0.0.0.0', 'http_port': 9380}
	admin: {'host': '0.0.0.0', 'http_port': 9381}
	mysql: {'name': 'rag_flow', 'user': 'root', 'password': '********', 'host': 'mysql', 'port': 3306, 'max_connections': 900, 'stale_timeout': 300, 'max_allowed_packet': 1073741824}
	minio: {'user': 'rag_flow', 'password': '********', 'host': 'minio:9000', 'bucket': '', 'prefix_path': ''}
	es: {'hosts': 'http://es01:9200', 'username': 'elastic', 'password': '********'}
	os: {'hosts': 'http://opensearch01:9201', 'username': 'admin', 'password': '********'}
	infinity: {'uri': 'infinity:23817', 'postgres_port': 5432, 'db_name': 'default_db'}
	oceanbase: {'scheme': 'oceanbase', 'config': {'db_name': 'ragflow_doc', 'user': 'root@ragflow', 'password': 'infini_rag_flow', 'host': 'oceanbase', 'port': 2881}}
	seekdb: {'scheme': 'oceanbase', 'config': {'db_name': 'ragflow_doc', 'user': 'root', 'password': 'infini_rag_flow', 'host': 'seekdb', 'port': 2881}}
	redis: {'db': 1, 'username': '', 'password': '********', 'host': 'redis:6379'}
	user_default_llm: {'default_models': {'embedding_model': {'api_key': 'xxx', 'base_url': 'http://tei:80'}}}
2026-06-11 18:51:40,231 INFO     1952 GET http://es01:9200/ [status:200 duration:0.005s]
2026-06-11 18:51:40,234 INFO     1952 HEAD http://es01:9200/ [status:200 duration:0.003s]
2026-06-11 18:51:40,235 INFO     1952 Use Elasticsearch http://es01:9200 as the doc engine.
2026-06-11 18:51:40,235 INFO     1952 Elasticsearch http://es01:9200 is healthy.
2026-06-11 18:51:40,236 INFO     1952 Use Elasticsearch http://es01:9200 as the doc engine.
2026-06-11 18:51:40,236 INFO     1952 Elasticsearch http://es01:9200 is healthy.
2026-06-11 18:51:40,239 WARNING  1952 Load term.freq FAIL!
2026-06-11 18:52:04,765 INFO     2089 data_sync_0 log path: /ragflow/logs/data_sync_0.log, log levels: {'peewee': 'WARNING', 'pdfminer': 'WARNING', 'root': 'INFO'}
2026-06-11 18:52:04,766 INFO     2089 
  _____        _           _____
 |  __ \      | |         / ____|
 | |  | | __ _| |_ __ _  | (___  _   _ _ __   ___
 | |  | |/ _` | __/ _` |  \___ \| | | | '_ \ / __|
 | |__| | (_| | || (_| |  ____) | |_| | | | | (__
 |_____/ \__,_|\__\__,_| |_____/ \__, |_| |_|\___|
                                  __/ |
                                 |___/
    
2026-06-11 18:52:04,766 INFO     2089 RAGFlow data sync version: v0.25.6
2026-06-11 18:52:04,767 INFO     2089 Current configs, from /ragflow/conf/service_conf.yaml:
	ragflow: {'host': '0.0.0.0', 'http_port': 9380}
	admin: {'host': '0.0.0.0', 'http_port': 9381}
	mysql: {'name': 'rag_flow', 'user': 'root', 'password': '********', 'host': 'mysql', 'port': 3306, 'max_connections': 900, 'stale_timeout': 300, 'max_allowed_packet': 1073741824}
	minio: {'user': 'rag_flow', 'password': '********', 'host': 'minio:9000', 'bucket': '', 'prefix_path': ''}
	es: {'hosts': 'http://es01:9200', 'username': 'elastic', 'password': '********'}
	os: {'hosts': 'http://opensearch01:9201', 'username': 'admin', 'password': '********'}
	infinity: {'uri': 'infinity:23817', 'postgres_port': 5432, 'db_name': 'default_db'}
	oceanbase: {'scheme': 'oceanbase', 'config': {'db_name': 'ragflow_doc', 'user': 'root@ragflow', 'password': 'infini_rag_flow', 'host': 'oceanbase', 'port': 2881}}
	seekdb: {'scheme': 'oceanbase', 'config': {'db_name': 'ragflow_doc', 'user': 'root', 'password': 'infini_rag_flow', 'host': 'seekdb', 'port': 2881}}
	redis: {'db': 1, 'username': '', 'password': '********', 'host': 'redis:6379'}
	user_default_llm: {'default_models': {'embedding_model': {'api_key': 'xxx', 'base_url': 'http://tei:80'}}}
2026-06-11 18:52:04,773 INFO     2089 GET http://es01:9200/ [status:200 duration:0.004s]
2026-06-11 18:52:04,775 INFO     2089 HEAD http://es01:9200/ [status:200 duration:0.002s]
2026-06-11 18:52:04,776 INFO     2089 Use Elasticsearch http://es01:9200 as the doc engine.
2026-06-11 18:52:04,776 INFO     2089 Elasticsearch http://es01:9200 is healthy.
2026-06-11 18:52:04,777 INFO     2089 Use Elasticsearch http://es01:9200 as the doc engine.
2026-06-11 18:52:04,777 INFO     2089 Elasticsearch http://es01:9200 is healthy.
2026-06-11 18:52:04,780 WARNING  2089 Load term.freq FAIL!
2026-06-11 18:52:29,132 INFO     2164 data_sync_0 log path: /ragflow/logs/data_sync_0.log, log levels: {'peewee': 'WARNING', 'pdfminer': 'WARNING', 'root': 'INFO'}
2026-06-11 18:52:29,132 INFO     2164 
  _____        _           _____
 |  __ \      | |         / ____|
 | |  | | __ _| |_ __ _  | (___  _   _ _ __   ___
 | |  | |/ _` | __/ _` |  \___ \| | | | '_ \ / __|
 | |__| | (_| | || (_| |  ____) | |_| | | | | (__
 |_____/ \__,_|\__\__,_| |_____/ \__, |_| |_|\___|
                                  __/ |
                                 |___/
    
2026-06-11 18:52:29,133 INFO     2164 RAGFlow data sync version: v0.25.6
2026-06-11 18:52:29,133 INFO     2164 Current configs, from /ragflow/conf/service_conf.yaml:
	ragflow: {'host': '0.0.0.0', 'http_port': 9380}
	admin: {'host': '0.0.0.0', 'http_port': 9381}
	mysql: {'name': 'rag_flow', 'user': 'root', 'password': '********', 'host': 'mysql', 'port': 3306, 'max_connections': 900, 'stale_timeout': 300, 'max_allowed_packet': 1073741824}
	minio: {'user': 'rag_flow', 'password': '********', 'host': 'minio:9000', 'bucket': '', 'prefix_path': ''}
	es: {'hosts': 'http://es01:9200', 'username': 'elastic', 'password': '********'}
	os: {'hosts': 'http://opensearch01:9201', 'username': 'admin', 'password': '********'}
	infinity: {'uri': 'infinity:23817', 'postgres_port': 5432, 'db_name': 'default_db'}
	oceanbase: {'scheme': 'oceanbase', 'config': {'db_name': 'ragflow_doc', 'user': 'root@ragflow', 'password': 'infini_rag_flow', 'host': 'oceanbase', 'port': 2881}}
	seekdb: {'scheme': 'oceanbase', 'config': {'db_name': 'ragflow_doc', 'user': 'root', 'password': 'infini_rag_flow', 'host': 'seekdb', 'port': 2881}}
	redis: {'db': 1, 'username': '', 'password': '********', 'host': 'redis:6379'}
	user_default_llm: {'default_models': {'embedding_model': {'api_key': 'xxx', 'base_url': 'http://tei:80'}}}
2026-06-11 18:52:29,140 INFO     2164 GET http://es01:9200/ [status:200 duration:0.005s]
2026-06-11 18:52:29,143 INFO     2164 HEAD http://es01:9200/ [status:200 duration:0.002s]
2026-06-11 18:52:29,144 INFO     2164 Use Elasticsearch http://es01:9200 as the doc engine.
2026-06-11 18:52:29,144 INFO     2164 Elasticsearch http://es01:9200 is healthy.
2026-06-11 18:52:29,144 INFO     2164 Use Elasticsearch http://es01:9200 as the doc engine.
2026-06-11 18:52:29,144 INFO     2164 Elasticsearch http://es01:9200 is healthy.
2026-06-11 18:52:29,147 WARNING  2164 Load term.freq FAIL!
2026-06-11 18:52:53,354 INFO     2306 data_sync_0 log path: /ragflow/logs/data_sync_0.log, log levels: {'peewee': 'WARNING', 'pdfminer': 'WARNING', 'root': 'INFO'}
2026-06-11 18:52:53,355 INFO     2306 
  _____        _           _____
 |  __ \      | |         / ____|
 | |  | | __ _| |_ __ _  | (___  _   _ _ __   ___
 | |  | |/ _` | __/ _` |  \___ \| | | | '_ \ / __|
 | |__| | (_| | || (_| |  ____) | |_| | | | | (__
 |_____/ \__,_|\__\__,_| |_____/ \__, |_| |_|\___|
                                  __/ |
                                 |___/
    
2026-06-11 18:52:53,355 INFO     2306 RAGFlow data sync version: v0.25.6
2026-06-11 18:52:53,356 INFO     2306 Current configs, from /ragflow/conf/service_conf.yaml:
	ragflow: {'host': '0.0.0.0', 'http_port': 9380}
	admin: {'host': '0.0.0.0', 'http_port': 9381}
	mysql: {'name': 'rag_flow', 'user': 'root', 'password': '********', 'host': 'mysql', 'port': 3306, 'max_connections': 900, 'stale_timeout': 300, 'max_allowed_packet': 1073741824}
	minio: {'user': 'rag_flow', 'password': '********', 'host': 'minio:9000', 'bucket': '', 'prefix_path': ''}
	es: {'hosts': 'http://es01:9200', 'username': 'elastic', 'password': '********'}
	os: {'hosts': 'http://opensearch01:9201', 'username': 'admin', 'password': '********'}
	infinity: {'uri': 'infinity:23817', 'postgres_port': 5432, 'db_name': 'default_db'}
	oceanbase: {'scheme': 'oceanbase', 'config': {'db_name': 'ragflow_doc', 'user': 'root@ragflow', 'password': 'infini_rag_flow', 'host': 'oceanbase', 'port': 2881}}
	seekdb: {'scheme': 'oceanbase', 'config': {'db_name': 'ragflow_doc', 'user': 'root', 'password': 'infini_rag_flow', 'host': 'seekdb', 'port': 2881}}
	redis: {'db': 1, 'username': '', 'password': '********', 'host': 'redis:6379'}
	user_default_llm: {'default_models': {'embedding_model': {'api_key': 'xxx', 'base_url': 'http://tei:80'}}}
2026-06-11 18:52:53,364 INFO     2306 GET http://es01:9200/ [status:200 duration:0.005s]
2026-06-11 18:52:53,366 INFO     2306 HEAD http://es01:9200/ [status:200 duration:0.002s]
2026-06-11 18:52:53,367 INFO     2306 Use Elasticsearch http://es01:9200 as the doc engine.
2026-06-11 18:52:53,367 INFO     2306 Elasticsearch http://es01:9200 is healthy.
2026-06-11 18:52:53,368 INFO     2306 Use Elasticsearch http://es01:9200 as the doc engine.
2026-06-11 18:52:53,368 INFO     2306 Elasticsearch http://es01:9200 is healthy.
2026-06-11 18:52:53,372 WARNING  2306 Load term.freq FAIL!
2026-06-11 18:53:17,035 INFO     2406 data_sync_0 log path: /ragflow/logs/data_sync_0.log, log levels: {'peewee': 'WARNING', 'pdfminer': 'WARNING', 'root': 'INFO'}
2026-06-11 18:53:17,036 INFO     2406 
  _____        _           _____
 |  __ \      | |         / ____|
 | |  | | __ _| |_ __ _  | (___  _   _ _ __   ___
 | |  | |/ _` | __/ _` |  \___ \| | | | '_ \ / __|
 | |__| | (_| | || (_| |  ____) | |_| | | | | (__
 |_____/ \__,_|\__\__,_| |_____/ \__, |_| |_|\___|
                                  __/ |
                                 |___/
    
2026-06-11 18:53:17,036 INFO     2406 RAGFlow data sync version: v0.25.6
2026-06-11 18:53:17,036 INFO     2406 Current configs, from /ragflow/conf/service_conf.yaml:
	ragflow: {'host': '0.0.0.0', 'http_port': 9380}
	admin: {'host': '0.0.0.0', 'http_port': 9381}
	mysql: {'name': 'rag_flow', 'user': 'root', 'password': '********', 'host': 'mysql', 'port': 3306, 'max_connections': 900, 'stale_timeout': 300, 'max_allowed_packet': 1073741824}
	minio: {'user': 'rag_flow', 'password': '********', 'host': 'minio:9000', 'bucket': '', 'prefix_path': ''}
	es: {'hosts': 'http://es01:9200', 'username': 'elastic', 'password': '********'}
	os: {'hosts': 'http://opensearch01:9201', 'username': 'admin', 'password': '********'}
	infinity: {'uri': 'infinity:23817', 'postgres_port': 5432, 'db_name': 'default_db'}
	oceanbase: {'scheme': 'oceanbase', 'config': {'db_name': 'ragflow_doc', 'user': 'root@ragflow', 'password': 'infini_rag_flow', 'host': 'oceanbase', 'port': 2881}}
	seekdb: {'scheme': 'oceanbase', 'config': {'db_name': 'ragflow_doc', 'user': 'root', 'password': 'infini_rag_flow', 'host': 'seekdb', 'port': 2881}}
	redis: {'db': 1, 'username': '', 'password': '********', 'host': 'redis:6379'}
	user_default_llm: {'default_models': {'embedding_model': {'api_key': 'xxx', 'base_url': 'http://tei:80'}}}
2026-06-11 18:53:17,043 INFO     2406 GET http://es01:9200/ [status:200 duration:0.004s]
2026-06-11 18:53:17,045 INFO     2406 HEAD http://es01:9200/ [status:200 duration:0.002s]
2026-06-11 18:53:17,046 INFO     2406 Use Elasticsearch http://es01:9200 as the doc engine.
2026-06-11 18:53:17,046 INFO     2406 Elasticsearch http://es01:9200 is healthy.
2026-06-11 18:53:17,046 INFO     2406 Use Elasticsearch http://es01:9200 as the doc engine.
2026-06-11 18:53:17,047 INFO     2406 Elasticsearch http://es01:9200 is healthy.
2026-06-11 18:53:17,050 WARNING  2406 Load term.freq FAIL!
2026-06-11 18:53:40,214 INFO     2549 data_sync_0 log path: /ragflow/logs/data_sync_0.log, log levels: {'peewee': 'WARNING', 'pdfminer': 'WARNING', 'root': 'INFO'}
2026-06-11 18:53:40,215 INFO     2549 
  _____        _           _____
 |  __ \      | |         / ____|
 | |  | | __ _| |_ __ _  | (___  _   _ _ __   ___
 | |  | |/ _` | __/ _` |  \___ \| | | | '_ \ / __|
 | |__| | (_| | || (_| |  ____) | |_| | | | | (__
 |_____/ \__,_|\__\__,_| |_____/ \__, |_| |_|\___|
                                  __/ |
                                 |___/
    
2026-06-11 18:53:40,215 INFO     2549 RAGFlow data sync version: v0.25.6
2026-06-11 18:53:40,215 INFO     2549 Current configs, from /ragflow/conf/service_conf.yaml:
	ragflow: {'host': '0.0.0.0', 'http_port': 9380}
	admin: {'host': '0.0.0.0', 'http_port': 9381}
	mysql: {'name': 'rag_flow', 'user': 'root', 'password': '********', 'host': 'mysql', 'port': 3306, 'max_connections': 900, 'stale_timeout': 300, 'max_allowed_packet': 1073741824}
	minio: {'user': 'rag_flow', 'password': '********', 'host': 'minio:9000', 'bucket': '', 'prefix_path': ''}
	es: {'hosts': 'http://es01:9200', 'username': 'elastic', 'password': '********'}
	os: {'hosts': 'http://opensearch01:9201', 'username': 'admin', 'password': '********'}
	infinity: {'uri': 'infinity:23817', 'postgres_port': 5432, 'db_name': 'default_db'}
	oceanbase: {'scheme': 'oceanbase', 'config': {'db_name': 'ragflow_doc', 'user': 'root@ragflow', 'password': 'infini_rag_flow', 'host': 'oceanbase', 'port': 2881}}
	seekdb: {'scheme': 'oceanbase', 'config': {'db_name': 'ragflow_doc', 'user': 'root', 'password': 'infini_rag_flow', 'host': 'seekdb', 'port': 2881}}
	redis: {'db': 1, 'username': '', 'password': '********', 'host': 'redis:6379'}
	user_default_llm: {'default_models': {'embedding_model': {'api_key': 'xxx', 'base_url': 'http://tei:80'}}}
2026-06-11 18:53:40,222 INFO     2549 GET http://es01:9200/ [status:200 duration:0.004s]
2026-06-11 18:53:40,223 INFO     2549 HEAD http://es01:9200/ [status:200 duration:0.001s]
2026-06-11 18:53:40,224 INFO     2549 Use Elasticsearch http://es01:9200 as the doc engine.
2026-06-11 18:53:40,224 INFO     2549 Elasticsearch http://es01:9200 is healthy.
2026-06-11 18:53:40,225 INFO     2549 Use Elasticsearch http://es01:9200 as the doc engine.
2026-06-11 18:53:40,225 INFO     2549 Elasticsearch http://es01:9200 is healthy.
2026-06-11 18:53:40,227 WARNING  2549 Load term.freq FAIL!
2026-06-11 18:54:03,943 INFO     2686 data_sync_0 log path: /ragflow/logs/data_sync_0.log, log levels: {'peewee': 'WARNING', 'pdfminer': 'WARNING', 'root': 'INFO'}
2026-06-11 18:54:03,944 INFO     2686 
  _____        _           _____
 |  __ \      | |         / ____|
 | |  | | __ _| |_ __ _  | (___  _   _ _ __   ___
 | |  | |/ _` | __/ _` |  \___ \| | | | '_ \ / __|
 | |__| | (_| | || (_| |  ____) | |_| | | | | (__
 |_____/ \__,_|\__\__,_| |_____/ \__, |_| |_|\___|
                                  __/ |
                                 |___/
    
2026-06-11 18:54:03,944 INFO     2686 RAGFlow data sync version: v0.25.6
2026-06-11 18:54:03,944 INFO     2686 Current configs, from /ragflow/conf/service_conf.yaml:
	ragflow: {'host': '0.0.0.0', 'http_port': 9380}
	admin: {'host': '0.0.0.0', 'http_port': 9381}
	mysql: {'name': 'rag_flow', 'user': 'root', 'password': '********', 'host': 'mysql', 'port': 3306, 'max_connections': 900, 'stale_timeout': 300, 'max_allowed_packet': 1073741824}
	minio: {'user': 'rag_flow', 'password': '********', 'host': 'minio:9000', 'bucket': '', 'prefix_path': ''}
	es: {'hosts': 'http://es01:9200', 'username': 'elastic', 'password': '********'}
	os: {'hosts': 'http://opensearch01:9201', 'username': 'admin', 'password': '********'}
	infinity: {'uri': 'infinity:23817', 'postgres_port': 5432, 'db_name': 'default_db'}
	oceanbase: {'scheme': 'oceanbase', 'config': {'db_name': 'ragflow_doc', 'user': 'root@ragflow', 'password': 'infini_rag_flow', 'host': 'oceanbase', 'port': 2881}}
	seekdb: {'scheme': 'oceanbase', 'config': {'db_name': 'ragflow_doc', 'user': 'root', 'password': 'infini_rag_flow', 'host': 'seekdb', 'port': 2881}}
	redis: {'db': 1, 'username': '', 'password': '********', 'host': 'redis:6379'}
	user_default_llm: {'default_models': {'embedding_model': {'api_key': 'xxx', 'base_url': 'http://tei:80'}}}
2026-06-11 18:54:03,953 INFO     2686 GET http://es01:9200/ [status:200 duration:0.006s]
2026-06-11 18:54:03,956 INFO     2686 HEAD http://es01:9200/ [status:200 duration:0.002s]
2026-06-11 18:54:03,956 INFO     2686 Use Elasticsearch http://es01:9200 as the doc engine.
2026-06-11 18:54:03,957 INFO     2686 Elasticsearch http://es01:9200 is healthy.
2026-06-11 18:54:03,958 INFO     2686 Use Elasticsearch http://es01:9200 as the doc engine.
2026-06-11 18:54:03,958 INFO     2686 Elasticsearch http://es01:9200 is healthy.
2026-06-11 18:54:03,961 WARNING  2686 Load term.freq FAIL!
2026-06-11 18:54:28,398 INFO     2760 data_sync_0 log path: /ragflow/logs/data_sync_0.log, log levels: {'peewee': 'WARNING', 'pdfminer': 'WARNING', 'root': 'INFO'}
2026-06-11 18:54:28,399 INFO     2760 
  _____        _           _____
 |  __ \      | |         / ____|
 | |  | | __ _| |_ __ _  | (___  _   _ _ __   ___
 | |  | |/ _` | __/ _` |  \___ \| | | | '_ \ / __|
 | |__| | (_| | || (_| |  ____) | |_| | | | | (__
 |_____/ \__,_|\__\__,_| |_____/ \__, |_| |_|\___|
                                  __/ |
                                 |___/
    
2026-06-11 18:54:28,399 INFO     2760 RAGFlow data sync version: v0.25.6
2026-06-11 18:54:28,399 INFO     2760 Current configs, from /ragflow/conf/service_conf.yaml:
	ragflow: {'host': '0.0.0.0', 'http_port': 9380}
	admin: {'host': '0.0.0.0', 'http_port': 9381}
	mysql: {'name': 'rag_flow', 'user': 'root', 'password': '********', 'host': 'mysql', 'port': 3306, 'max_connections': 900, 'stale_timeout': 300, 'max_allowed_packet': 1073741824}
	minio: {'user': 'rag_flow', 'password': '********', 'host': 'minio:9000', 'bucket': '', 'prefix_path': ''}
	es: {'hosts': 'http://es01:9200', 'username': 'elastic', 'password': '********'}
	os: {'hosts': 'http://opensearch01:9201', 'username': 'admin', 'password': '********'}
	infinity: {'uri': 'infinity:23817', 'postgres_port': 5432, 'db_name': 'default_db'}
	oceanbase: {'scheme': 'oceanbase', 'config': {'db_name': 'ragflow_doc', 'user': 'root@ragflow', 'password': 'infini_rag_flow', 'host': 'oceanbase', 'port': 2881}}
	seekdb: {'scheme': 'oceanbase', 'config': {'db_name': 'ragflow_doc', 'user': 'root', 'password': 'infini_rag_flow', 'host': 'seekdb', 'port': 2881}}
	redis: {'db': 1, 'username': '', 'password': '********', 'host': 'redis:6379'}
	user_default_llm: {'default_models': {'embedding_model': {'api_key': 'xxx', 'base_url': 'http://tei:80'}}}
2026-06-11 18:54:28,405 INFO     2760 GET http://es01:9200/ [status:200 duration:0.004s]
2026-06-11 18:54:28,407 INFO     2760 HEAD http://es01:9200/ [status:200 duration:0.001s]
2026-06-11 18:54:28,407 INFO     2760 Use Elasticsearch http://es01:9200 as the doc engine.
2026-06-11 18:54:28,407 INFO     2760 Elasticsearch http://es01:9200 is healthy.
2026-06-11 18:54:28,407 INFO     2760 Use Elasticsearch http://es01:9200 as the doc engine.
2026-06-11 18:54:28,408 INFO     2760 Elasticsearch http://es01:9200 is healthy.
2026-06-11 18:54:28,410 WARNING  2760 Load term.freq FAIL!
2026-06-11 18:54:52,014 INFO     2861 data_sync_0 log path: /ragflow/logs/data_sync_0.log, log levels: {'peewee': 'WARNING', 'pdfminer': 'WARNING', 'root': 'INFO'}
2026-06-11 18:54:52,015 INFO     2861 
  _____        _           _____
 |  __ \      | |         / ____|
 | |  | | __ _| |_ __ _  | (___  _   _ _ __   ___
 | |  | |/ _` | __/ _` |  \___ \| | | | '_ \ / __|
 | |__| | (_| | || (_| |  ____) | |_| | | | | (__
 |_____/ \__,_|\__\__,_| |_____/ \__, |_| |_|\___|
                                  __/ |
                                 |___/
    
2026-06-11 18:54:52,015 INFO     2861 RAGFlow data sync version: v0.25.6
2026-06-11 18:54:52,016 INFO     2861 Current configs, from /ragflow/conf/service_conf.yaml:
	ragflow: {'host': '0.0.0.0', 'http_port': 9380}
	admin: {'host': '0.0.0.0', 'http_port': 9381}
	mysql: {'name': 'rag_flow', 'user': 'root', 'password': '********', 'host': 'mysql', 'port': 3306, 'max_connections': 900, 'stale_timeout': 300, 'max_allowed_packet': 1073741824}
	minio: {'user': 'rag_flow', 'password': '********', 'host': 'minio:9000', 'bucket': '', 'prefix_path': ''}
	es: {'hosts': 'http://es01:9200', 'username': 'elastic', 'password': '********'}
	os: {'hosts': 'http://opensearch01:9201', 'username': 'admin', 'password': '********'}
	infinity: {'uri': 'infinity:23817', 'postgres_port': 5432, 'db_name': 'default_db'}
	oceanbase: {'scheme': 'oceanbase', 'config': {'db_name': 'ragflow_doc', 'user': 'root@ragflow', 'password': 'infini_rag_flow', 'host': 'oceanbase', 'port': 2881}}
	seekdb: {'scheme': 'oceanbase', 'config': {'db_name': 'ragflow_doc', 'user': 'root', 'password': 'infini_rag_flow', 'host': 'seekdb', 'port': 2881}}
	redis: {'db': 1, 'username': '', 'password': '********', 'host': 'redis:6379'}
	user_default_llm: {'default_models': {'embedding_model': {'api_key': 'xxx', 'base_url': 'http://tei:80'}}}
2026-06-11 18:54:52,022 INFO     2861 GET http://es01:9200/ [status:200 duration:0.004s]
2026-06-11 18:54:52,024 INFO     2861 HEAD http://es01:9200/ [status:200 duration:0.002s]
2026-06-11 18:54:52,025 INFO     2861 Use Elasticsearch http://es01:9200 as the doc engine.
2026-06-11 18:54:52,025 INFO     2861 Elasticsearch http://es01:9200 is healthy.
2026-06-11 18:54:52,026 INFO     2861 Use Elasticsearch http://es01:9200 as the doc engine.
2026-06-11 18:54:52,026 INFO     2861 Elasticsearch http://es01:9200 is healthy.
2026-06-11 18:54:52,029 WARNING  2861 Load term.freq FAIL!
2026-06-11 18:55:16,259 INFO     3003 data_sync_0 log path: /ragflow/logs/data_sync_0.log, log levels: {'peewee': 'WARNING', 'pdfminer': 'WARNING', 'root': 'INFO'}
2026-06-11 18:55:16,260 INFO     3003 
  _____        _           _____
 |  __ \      | |         / ____|
 | |  | | __ _| |_ __ _  | (___  _   _ _ __   ___
 | |  | |/ _` | __/ _` |  \___ \| | | | '_ \ / __|
 | |__| | (_| | || (_| |  ____) | |_| | | | | (__
 |_____/ \__,_|\__\__,_| |_____/ \__, |_| |_|\___|
                                  __/ |
                                 |___/
    
2026-06-11 18:55:16,260 INFO     3003 RAGFlow data sync version: v0.25.6
2026-06-11 18:55:16,261 INFO     3003 Current configs, from /ragflow/conf/service_conf.yaml:
	ragflow: {'host': '0.0.0.0', 'http_port': 9380}
	admin: {'host': '0.0.0.0', 'http_port': 9381}
	mysql: {'name': 'rag_flow', 'user': 'root', 'password': '********', 'host': 'mysql', 'port': 3306, 'max_connections': 900, 'stale_timeout': 300, 'max_allowed_packet': 1073741824}
	minio: {'user': 'rag_flow', 'password': '********', 'host': 'minio:9000', 'bucket': '', 'prefix_path': ''}
	es: {'hosts': 'http://es01:9200', 'username': 'elastic', 'password': '********'}
	os: {'hosts': 'http://opensearch01:9201', 'username': 'admin', 'password': '********'}
	infinity: {'uri': 'infinity:23817', 'postgres_port': 5432, 'db_name': 'default_db'}
	oceanbase: {'scheme': 'oceanbase', 'config': {'db_name': 'ragflow_doc', 'user': 'root@ragflow', 'password': 'infini_rag_flow', 'host': 'oceanbase', 'port': 2881}}
	seekdb: {'scheme': 'oceanbase', 'config': {'db_name': 'ragflow_doc', 'user': 'root', 'password': 'infini_rag_flow', 'host': 'seekdb', 'port': 2881}}
	redis: {'db': 1, 'username': '', 'password': '********', 'host': 'redis:6379'}
	user_default_llm: {'default_models': {'embedding_model': {'api_key': 'xxx', 'base_url': 'http://tei:80'}}}
2026-06-11 18:55:16,268 INFO     3003 GET http://es01:9200/ [status:200 duration:0.005s]
2026-06-11 18:55:16,271 INFO     3003 HEAD http://es01:9200/ [status:200 duration:0.002s]
2026-06-11 18:55:16,271 INFO     3003 Use Elasticsearch http://es01:9200 as the doc engine.
2026-06-11 18:55:16,272 INFO     3003 Elasticsearch http://es01:9200 is healthy.
2026-06-11 18:55:16,272 INFO     3003 Use Elasticsearch http://es01:9200 as the doc engine.
2026-06-11 18:55:16,273 INFO     3003 Elasticsearch http://es01:9200 is healthy.
2026-06-11 18:55:16,276 WARNING  3003 Load term.freq FAIL!
2026-06-11 18:55:40,054 INFO     3140 data_sync_0 log path: /ragflow/logs/data_sync_0.log, log levels: {'peewee': 'WARNING', 'pdfminer': 'WARNING', 'root': 'INFO'}
2026-06-11 18:55:40,055 INFO     3140 
  _____        _           _____
 |  __ \      | |         / ____|
 | |  | | __ _| |_ __ _  | (___  _   _ _ __   ___
 | |  | |/ _` | __/ _` |  \___ \| | | | '_ \ / __|
 | |__| | (_| | || (_| |  ____) | |_| | | | | (__
 |_____/ \__,_|\__\__,_| |_____/ \__, |_| |_|\___|
                                  __/ |
                                 |___/
    
2026-06-11 18:55:40,056 INFO     3140 RAGFlow data sync version: v0.25.6
2026-06-11 18:55:40,056 INFO     3140 Current configs, from /ragflow/conf/service_conf.yaml:
	ragflow: {'host': '0.0.0.0', 'http_port': 9380}
	admin: {'host': '0.0.0.0', 'http_port': 9381}
	mysql: {'name': 'rag_flow', 'user': 'root', 'password': '********', 'host': 'mysql', 'port': 3306, 'max_connections': 900, 'stale_timeout': 300, 'max_allowed_packet': 1073741824}
	minio: {'user': 'rag_flow', 'password': '********', 'host': 'minio:9000', 'bucket': '', 'prefix_path': ''}
	es: {'hosts': 'http://es01:9200', 'username': 'elastic', 'password': '********'}
	os: {'hosts': 'http://opensearch01:9201', 'username': 'admin', 'password': '********'}
	infinity: {'uri': 'infinity:23817', 'postgres_port': 5432, 'db_name': 'default_db'}
	oceanbase: {'scheme': 'oceanbase', 'config': {'db_name': 'ragflow_doc', 'user': 'root@ragflow', 'password': 'infini_rag_flow', 'host': 'oceanbase', 'port': 2881}}
	seekdb: {'scheme': 'oceanbase', 'config': {'db_name': 'ragflow_doc', 'user': 'root', 'password': 'infini_rag_flow', 'host': 'seekdb', 'port': 2881}}
	redis: {'db': 1, 'username': '', 'password': '********', 'host': 'redis:6379'}
	user_default_llm: {'default_models': {'embedding_model': {'api_key': 'xxx', 'base_url': 'http://tei:80'}}}
2026-06-11 18:55:40,063 INFO     3140 GET http://es01:9200/ [status:200 duration:0.004s]
2026-06-11 18:55:40,066 INFO     3140 HEAD http://es01:9200/ [status:200 duration:0.002s]
2026-06-11 18:55:40,067 INFO     3140 Use Elasticsearch http://es01:9200 as the doc engine.
2026-06-11 18:55:40,067 INFO     3140 Elasticsearch http://es01:9200 is healthy.
2026-06-11 18:55:40,067 INFO     3140 Use Elasticsearch http://es01:9200 as the doc engine.
2026-06-11 18:55:40,068 INFO     3140 Elasticsearch http://es01:9200 is healthy.
2026-06-11 18:55:40,071 WARNING  3140 Load term.freq FAIL!
2026-06-11 18:56:03,972 INFO     3226 data_sync_0 log path: /ragflow/logs/data_sync_0.log, log levels: {'peewee': 'WARNING', 'pdfminer': 'WARNING', 'root': 'INFO'}
2026-06-11 18:56:03,972 INFO     3226 
  _____        _           _____
 |  __ \      | |         / ____|
 | |  | | __ _| |_ __ _  | (___  _   _ _ __   ___
 | |  | |/ _` | __/ _` |  \___ \| | | | '_ \ / __|
 | |__| | (_| | || (_| |  ____) | |_| | | | | (__
 |_____/ \__,_|\__\__,_| |_____/ \__, |_| |_|\___|
                                  __/ |
                                 |___/
    
2026-06-11 18:56:03,973 INFO     3226 RAGFlow data sync version: v0.25.6
2026-06-11 18:56:03,973 INFO     3226 Current configs, from /ragflow/conf/service_conf.yaml:
	ragflow: {'host': '0.0.0.0', 'http_port': 9380}
	admin: {'host': '0.0.0.0', 'http_port': 9381}
	mysql: {'name': 'rag_flow', 'user': 'root', 'password': '********', 'host': 'mysql', 'port': 3306, 'max_connections': 900, 'stale_timeout': 300, 'max_allowed_packet': 1073741824}
	minio: {'user': 'rag_flow', 'password': '********', 'host': 'minio:9000', 'bucket': '', 'prefix_path': ''}
	es: {'hosts': 'http://es01:9200', 'username': 'elastic', 'password': '********'}
	os: {'hosts': 'http://opensearch01:9201', 'username': 'admin', 'password': '********'}
	infinity: {'uri': 'infinity:23817', 'postgres_port': 5432, 'db_name': 'default_db'}
	oceanbase: {'scheme': 'oceanbase', 'config': {'db_name': 'ragflow_doc', 'user': 'root@ragflow', 'password': 'infini_rag_flow', 'host': 'oceanbase', 'port': 2881}}
	seekdb: {'scheme': 'oceanbase', 'config': {'db_name': 'ragflow_doc', 'user': 'root', 'password': 'infini_rag_flow', 'host': 'seekdb', 'port': 2881}}
	redis: {'db': 1, 'username': '', 'password': '********', 'host': 'redis'}
	user_default_llm: {'default_models': {'embedding_model': {'api_key': 'xxx', 'base_url': 'http://tei:80'}}}
2026-06-11 18:56:03,981 INFO     3226 GET http://es01:9200/ [status:200 duration:0.005s]
2026-06-11 18:56:03,984 INFO     3226 HEAD http://es01:9200/ [status:200 duration:0.002s]
2026-06-11 18:56:03,984 INFO     3226 Use Elasticsearch http://es01:9200 as the doc engine.
2026-06-11 18:56:03,985 INFO     3226 Elasticsearch http://es01:9200 is healthy.
2026-06-11 18:56:03,985 INFO     3226 Use Elasticsearch http://es01:9200 as the doc engine.
2026-06-11 18:56:03,985 INFO     3226 Elasticsearch http://es01:9200 is healthy.
2026-06-11 18:56:03,988 WARNING  3226 Load term.freq FAIL!
2026-06-11 18:56:03,993 WARNING  3226 Realtime synonym is disabled, since no redis connection.
2026-06-11 18:56:04,294 WARNING  3226 Load term.freq FAIL!
2026-06-11 18:56:04,298 WARNING  3226 Realtime synonym is disabled, since no redis connection.
2026-06-11 18:56:04,299 INFO     3226 RAGFlow data sync is ready after 13.539000588003546s initialization.
2026-06-11 19:11:51,766 INFO     70 data_sync_0 log path: /ragflow/logs/data_sync_0.log, log levels: {'peewee': 'WARNING', 'pdfminer': 'WARNING', 'root': 'INFO'}
2026-06-11 19:11:51,767 INFO     70 
  _____        _           _____
 |  __ \      | |         / ____|
 | |  | | __ _| |_ __ _  | (___  _   _ _ __   ___
 | |  | |/ _` | __/ _` |  \___ \| | | | '_ \ / __|
 | |__| | (_| | || (_| |  ____) | |_| | | | | (__
 |_____/ \__,_|\__\__,_| |_____/ \__, |_| |_|\___|
                                  __/ |
                                 |___/
    
2026-06-11 19:11:51,768 INFO     70 RAGFlow data sync version: v0.25.6
2026-06-11 19:11:51,768 INFO     70 Current configs, from /ragflow/conf/service_conf.yaml:
	ragflow: {'host': '0.0.0.0', 'http_port': 9380}
	admin: {'host': '0.0.0.0', 'http_port': 9381}
	mysql: {'name': 'rag_flow', 'user': 'root', 'password': '********', 'host': 'mysql', 'port': 3306, 'max_connections': 900, 'stale_timeout': 300, 'max_allowed_packet': 1073741824}
	minio: {'user': 'rag_flow', 'password': '********', 'host': 'minio:9000', 'bucket': '', 'prefix_path': ''}
	es: {'hosts': 'http://es01:9200', 'username': 'elastic', 'password': '********'}
	os: {'hosts': 'http://opensearch01:9201', 'username': 'admin', 'password': '********'}
	infinity: {'uri': 'infinity:23817', 'postgres_port': 5432, 'db_name': 'default_db'}
	oceanbase: {'scheme': 'oceanbase', 'config': {'db_name': 'ragflow_doc', 'user': 'root@ragflow', 'password': 'infini_rag_flow', 'host': 'oceanbase', 'port': 2881}}
	seekdb: {'scheme': 'oceanbase', 'config': {'db_name': 'ragflow_doc', 'user': 'root', 'password': 'infini_rag_flow', 'host': 'seekdb', 'port': 2881}}
	redis: {'db': 1, 'username': '', 'password': '********', 'host': 'redis', 'port': 6379}
	user_default_llm: {'default_models': {'embedding_model': {'api_key': 'xxx', 'base_url': 'http://tei:80'}}}
2026-06-11 19:11:51,777 INFO     70 GET http://es01:9200/ [status:200 duration:0.006s]
2026-06-11 19:11:51,781 INFO     70 HEAD http://es01:9200/ [status:200 duration:0.003s]
2026-06-11 19:11:51,782 INFO     70 Use Elasticsearch http://es01:9200 as the doc engine.
2026-06-11 19:11:51,782 INFO     70 Elasticsearch http://es01:9200 is healthy.
2026-06-11 19:11:51,783 INFO     70 Use Elasticsearch http://es01:9200 as the doc engine.
2026-06-11 19:11:51,783 INFO     70 Elasticsearch http://es01:9200 is healthy.
2026-06-11 19:11:51,786 WARNING  70 Load term.freq FAIL!
2026-06-11 19:11:51,791 WARNING  70 Realtime synonym is disabled, since no redis connection.
2026-06-11 19:11:52,102 WARNING  70 Load term.freq FAIL!
2026-06-11 19:11:52,107 WARNING  70 Realtime synonym is disabled, since no redis connection.
2026-06-11 19:11:52,108 INFO     70 RAGFlow data sync is ready after 15.844939741014969s initialization.
2026-06-11 19:33:02,866 INFO     66 data_sync_0 log path: /ragflow/logs/data_sync_0.log, log levels: {'peewee': 'WARNING', 'pdfminer': 'WARNING', 'root': 'INFO'}
2026-06-11 19:33:02,866 INFO     66 
  _____        _           _____
 |  __ \      | |         / ____|
 | |  | | __ _| |_ __ _  | (___  _   _ _ __   ___
 | |  | |/ _` | __/ _` |  \___ \| | | | '_ \ / __|
 | |__| | (_| | || (_| |  ____) | |_| | | | | (__
 |_____/ \__,_|\__\__,_| |_____/ \__, |_| |_|\___|
                                  __/ |
                                 |___/
    
2026-06-11 19:33:02,867 INFO     66 RAGFlow data sync version: v0.25.6
2026-06-11 19:33:02,867 INFO     66 Current configs, from /ragflow/conf/service_conf.yaml:
	ragflow: {'host': '0.0.0.0', 'http_port': 9380}
	admin: {'host': '0.0.0.0', 'http_port': 9381}
	mysql: {'name': 'rag_flow', 'user': 'root', 'password': '********', 'host': 'mysql', 'port': 3306, 'max_connections': 900, 'stale_timeout': 300, 'max_allowed_packet': 1073741824}
	minio: {'user': 'rag_flow', 'password': '********', 'host': 'minio:9000', 'bucket': '', 'prefix_path': ''}
	es: {'hosts': 'http://es01:9200', 'username': 'elastic', 'password': '********'}
	os: {'hosts': 'http://opensearch01:9201', 'username': 'admin', 'password': '********'}
	infinity: {'uri': 'infinity:23817', 'postgres_port': 5432, 'db_name': 'default_db'}
	oceanbase: {'scheme': 'oceanbase', 'config': {'db_name': 'ragflow_doc', 'user': 'root@ragflow', 'password': 'infini_rag_flow', 'host': 'oceanbase', 'port': 2881}}
	seekdb: {'scheme': 'oceanbase', 'config': {'db_name': 'ragflow_doc', 'user': 'root', 'password': 'infini_rag_flow', 'host': 'seekdb', 'port': 2881}}
	redis: {'db': 1, 'username': '', 'password': '********', 'host': 'redis', 'port': 6379}
	user_default_llm: {'default_models': {'embedding_model': {'api_key': 'xxx', 'base_url': 'http://tei:80'}}}
2026-06-11 19:33:02,876 INFO     66 GET http://es01:9200/ [status:200 duration:0.006s]
2026-06-11 19:33:02,878 INFO     66 HEAD http://es01:9200/ [status:200 duration:0.002s]
2026-06-11 19:33:02,879 INFO     66 Use Elasticsearch http://es01:9200 as the doc engine.
2026-06-11 19:33:02,879 INFO     66 Elasticsearch http://es01:9200 is healthy.
2026-06-11 19:33:02,879 INFO     66 Use Elasticsearch http://es01:9200 as the doc engine.
2026-06-11 19:33:02,880 INFO     66 Elasticsearch http://es01:9200 is healthy.
2026-06-11 19:33:02,883 WARNING  66 Load term.freq FAIL!
2026-06-11 19:33:02,887 WARNING  66 Realtime synonym is disabled, since no redis connection.
2026-06-11 19:33:03,198 WARNING  66 Load term.freq FAIL!
2026-06-11 19:33:03,202 WARNING  66 Realtime synonym is disabled, since no redis connection.
2026-06-11 19:33:03,202 INFO     66 RAGFlow data sync is ready after 13.853057647007518s initialization.
2026-06-11 19:42:00,077 INFO     64 data_sync_0 log path: /ragflow/logs/data_sync_0.log, log levels: {'peewee': 'WARNING', 'pdfminer': 'WARNING', 'root': 'INFO'}
2026-06-11 19:42:00,078 INFO     64 
  _____        _           _____
 |  __ \      | |         / ____|
 | |  | | __ _| |_ __ _  | (___  _   _ _ __   ___
 | |  | |/ _` | __/ _` |  \___ \| | | | '_ \ / __|
 | |__| | (_| | || (_| |  ____) | |_| | | | | (__
 |_____/ \__,_|\__\__,_| |_____/ \__, |_| |_|\___|
                                  __/ |
                                 |___/
    
2026-06-11 19:42:00,078 INFO     64 RAGFlow data sync version: v0.25.6
2026-06-11 19:42:00,079 INFO     64 Current configs, from /ragflow/conf/service_conf.yaml:
	ragflow: {'host': '0.0.0.0', 'http_port': 9380}
	admin: {'host': '0.0.0.0', 'http_port': 9381}
	mysql: {'name': 'rag_flow', 'user': 'root', 'password': '********', 'host': 'mysql', 'port': 3306, 'max_connections': 900, 'stale_timeout': 300, 'max_allowed_packet': 1073741824}
	minio: {'user': 'rag_flow', 'password': '********', 'host': 'minio:9000', 'bucket': '', 'prefix_path': ''}
	es: {'hosts': 'http://es01:9200', 'username': 'elastic', 'password': '********'}
	os: {'hosts': 'http://opensearch01:9201', 'username': 'admin', 'password': '********'}
	infinity: {'uri': 'infinity:23817', 'postgres_port': 5432, 'db_name': 'default_db'}
	oceanbase: {'scheme': 'oceanbase', 'config': {'db_name': 'ragflow_doc', 'user': 'root@ragflow', 'password': 'infini_rag_flow', 'host': 'oceanbase', 'port': 2881}}
	seekdb: {'scheme': 'oceanbase', 'config': {'db_name': 'ragflow_doc', 'user': 'root', 'password': 'infini_rag_flow', 'host': 'seekdb', 'port': 2881}}
	redis: {'db': 1, 'username': '', 'password': '********', 'host': 'redis', 'port': 6379}
	user_default_llm: {'default_models': {'embedding_model': {'api_key': 'xxx', 'base_url': 'http://tei:80'}}}
2026-06-11 19:42:00,090 INFO     64 GET http://es01:9200/ [status:200 duration:0.009s]
2026-06-11 19:42:00,093 INFO     64 HEAD http://es01:9200/ [status:200 duration:0.002s]
2026-06-11 19:42:00,094 INFO     64 Use Elasticsearch http://es01:9200 as the doc engine.
2026-06-11 19:42:00,103 INFO     64 Elasticsearch http://es01:9200 is healthy.
2026-06-11 19:42:00,104 INFO     64 Use Elasticsearch http://es01:9200 as the doc engine.
2026-06-11 19:42:00,104 INFO     64 Elasticsearch http://es01:9200 is healthy.
2026-06-11 19:42:00,107 WARNING  64 Load term.freq FAIL!
2026-06-11 19:42:00,111 WARNING  64 Realtime synonym is disabled, since no redis connection.
2026-06-11 19:42:00,434 WARNING  64 Load term.freq FAIL!
2026-06-11 19:42:00,439 WARNING  64 Realtime synonym is disabled, since no redis connection.
2026-06-11 19:42:00,440 INFO     64 RAGFlow data sync is ready after 15.544432152004447s initialization.
2026-06-11 19:48:45,015 INFO     67 data_sync_0 log path: /ragflow/logs/data_sync_0.log, log levels: {'peewee': 'WARNING', 'pdfminer': 'WARNING', 'root': 'INFO'}
2026-06-11 19:48:45,016 INFO     67 
  _____        _           _____
 |  __ \      | |         / ____|
 | |  | | __ _| |_ __ _  | (___  _   _ _ __   ___
 | |  | |/ _` | __/ _` |  \___ \| | | | '_ \ / __|
 | |__| | (_| | || (_| |  ____) | |_| | | | | (__
 |_____/ \__,_|\__\__,_| |_____/ \__, |_| |_|\___|
                                  __/ |
                                 |___/
    
2026-06-11 19:48:45,016 INFO     67 RAGFlow data sync version: v0.25.6
2026-06-11 19:48:45,016 INFO     67 Current configs, from /ragflow/conf/service_conf.yaml:
	ragflow: {'host': '0.0.0.0', 'http_port': 9380}
	admin: {'host': '0.0.0.0', 'http_port': 9381}
	mysql: {'name': 'rag_flow', 'user': 'root', 'password': '********', 'host': 'mysql', 'port': 3306, 'max_connections': 900, 'stale_timeout': 300, 'max_allowed_packet': 1073741824}
	minio: {'user': 'rag_flow', 'password': '********', 'host': 'minio:9000', 'bucket': '', 'prefix_path': ''}
	es: {'hosts': 'http://es01:9200', 'username': 'elastic', 'password': '********'}
	os: {'hosts': 'http://opensearch01:9201', 'username': 'admin', 'password': '********'}
	infinity: {'uri': 'infinity:23817', 'postgres_port': 5432, 'db_name': 'default_db'}
	oceanbase: {'scheme': 'oceanbase', 'config': {'db_name': 'ragflow_doc', 'user': 'root@ragflow', 'password': 'infini_rag_flow', 'host': 'oceanbase', 'port': 2881}}
	seekdb: {'scheme': 'oceanbase', 'config': {'db_name': 'ragflow_doc', 'user': 'root', 'password': 'infini_rag_flow', 'host': 'seekdb', 'port': 2881}}
	redis: {'db': 1, 'username': '', 'password': '********', 'host': 'redis', 'port': 6379}
	user_default_llm: {'default_models': {'embedding_model': {'api_key': 'xxx', 'base_url': 'http://tei:80'}}}
2026-06-11 19:48:45,027 INFO     67 GET http://es01:9200/ [status:200 duration:0.006s]
2026-06-11 19:48:45,030 INFO     67 HEAD http://es01:9200/ [status:200 duration:0.003s]
2026-06-11 19:48:45,031 INFO     67 Use Elasticsearch http://es01:9200 as the doc engine.
2026-06-11 19:48:45,031 INFO     67 Elasticsearch http://es01:9200 is healthy.
2026-06-11 19:48:45,032 INFO     67 Use Elasticsearch http://es01:9200 as the doc engine.
2026-06-11 19:48:45,032 INFO     67 Elasticsearch http://es01:9200 is healthy.
2026-06-11 19:48:45,042 WARNING  67 Load term.freq FAIL!
2026-06-11 19:48:45,398 WARNING  67 Load term.freq FAIL!
2026-06-11 19:48:45,414 INFO     67 RAGFlow data sync is ready after 15.745906046009623s initialization.
2026-06-11 20:02:44,837 INFO     67 data_sync_0 log path: /ragflow/logs/data_sync_0.log, log levels: {'peewee': 'WARNING', 'pdfminer': 'WARNING', 'root': 'INFO'}
2026-06-11 20:02:44,838 INFO     67 
  _____        _           _____
 |  __ \      | |         / ____|
 | |  | | __ _| |_ __ _  | (___  _   _ _ __   ___
 | |  | |/ _` | __/ _` |  \___ \| | | | '_ \ / __|
 | |__| | (_| | || (_| |  ____) | |_| | | | | (__
 |_____/ \__,_|\__\__,_| |_____/ \__, |_| |_|\___|
                                  __/ |
                                 |___/
    
2026-06-11 20:02:44,838 INFO     67 RAGFlow data sync version: v0.25.6
2026-06-11 20:02:44,839 INFO     67 Current configs, from /ragflow/conf/service_conf.yaml:
	ragflow: {'host': '0.0.0.0', 'http_port': 9380}
	admin: {'host': '0.0.0.0', 'http_port': 9381}
	mysql: {'name': 'rag_flow', 'user': 'root', 'password': '********', 'host': 'mysql', 'port': 3306, 'max_connections': 900, 'stale_timeout': 300, 'max_allowed_packet': 1073741824}
	minio: {'user': 'rag_flow', 'password': '********', 'host': 'minio:9000', 'bucket': '', 'prefix_path': ''}
	es: {'hosts': 'http://es01:9200', 'username': 'elastic', 'password': '********'}
	os: {'hosts': 'http://opensearch01:9201', 'username': 'admin', 'password': '********'}
	infinity: {'uri': 'infinity:23817', 'postgres_port': 5432, 'db_name': 'default_db'}
	oceanbase: {'scheme': 'oceanbase', 'config': {'db_name': 'ragflow_doc', 'user': 'root@ragflow', 'password': 'infini_rag_flow', 'host': 'oceanbase', 'port': 2881}}
	seekdb: {'scheme': 'oceanbase', 'config': {'db_name': 'ragflow_doc', 'user': 'root', 'password': 'infini_rag_flow', 'host': 'seekdb', 'port': 2881}}
	redis: {'db': 1, 'username': '', 'password': '********', 'host': 'redis', 'port': 6379}
	user_default_llm: {'default_models': {'embedding_model': {'api_key': 'xxx', 'base_url': 'http://tei:80'}}}
2026-06-11 20:02:44,850 INFO     67 GET http://es01:9200/ [status:200 duration:0.009s]
2026-06-11 20:02:44,853 INFO     67 HEAD http://es01:9200/ [status:200 duration:0.002s]
2026-06-11 20:02:44,854 INFO     67 Use Elasticsearch http://es01:9200 as the doc engine.
2026-06-11 20:02:44,854 INFO     67 Elasticsearch http://es01:9200 is healthy.
2026-06-11 20:02:44,854 INFO     67 Use Elasticsearch http://es01:9200 as the doc engine.
2026-06-11 20:02:44,855 INFO     67 Elasticsearch http://es01:9200 is healthy.
2026-06-11 20:02:44,858 WARNING  67 Load term.freq FAIL!
2026-06-11 20:02:44,863 WARNING  67 Realtime synonym is disabled, since no redis connection.
2026-06-11 20:02:45,162 WARNING  67 Load term.freq FAIL!
2026-06-11 20:02:45,168 WARNING  67 Realtime synonym is disabled, since no redis connection.
2026-06-11 20:02:45,168 INFO     67 RAGFlow data sync is ready after 14.33767710099346s initialization.
2026-06-11 20:08:00,024 INFO     64 data_sync_0 log path: /ragflow/logs/data_sync_0.log, log levels: {'peewee': 'WARNING', 'pdfminer': 'WARNING', 'root': 'INFO'}
2026-06-11 20:08:00,025 INFO     64 
  _____        _           _____
 |  __ \      | |         / ____|
 | |  | | __ _| |_ __ _  | (___  _   _ _ __   ___
 | |  | |/ _` | __/ _` |  \___ \| | | | '_ \ / __|
 | |__| | (_| | || (_| |  ____) | |_| | | | | (__
 |_____/ \__,_|\__\__,_| |_____/ \__, |_| |_|\___|
                                  __/ |
                                 |___/
    
2026-06-11 20:08:00,025 INFO     64 RAGFlow data sync version: v0.25.6
2026-06-11 20:08:00,026 INFO     64 Current configs, from /ragflow/conf/service_conf.yaml:
	ragflow: {'host': '0.0.0.0', 'http_port': 9380}
	admin: {'host': '0.0.0.0', 'http_port': 9381}
	mysql: {'name': 'rag_flow', 'user': 'root', 'password': '********', 'host': 'mysql', 'port': 3306, 'max_connections': 900, 'stale_timeout': 300, 'max_allowed_packet': 1073741824}
	minio: {'user': 'rag_flow', 'password': '********', 'host': 'minio:9000', 'bucket': '', 'prefix_path': ''}
	es: {'hosts': 'http://es01:9200', 'username': 'elastic', 'password': '********'}
	os: {'hosts': 'http://opensearch01:9201', 'username': 'admin', 'password': '********'}
	infinity: {'uri': 'infinity:23817', 'postgres_port': 5432, 'db_name': 'default_db'}
	oceanbase: {'scheme': 'oceanbase', 'config': {'db_name': 'ragflow_doc', 'user': 'root@ragflow', 'password': 'infini_rag_flow', 'host': 'oceanbase', 'port': 2881}}
	seekdb: {'scheme': 'oceanbase', 'config': {'db_name': 'ragflow_doc', 'user': 'root', 'password': 'infini_rag_flow', 'host': 'seekdb', 'port': 2881}}
	redis: {'db': 1, 'username': '', 'password': '********', 'host': 'redis', 'port': 6379}
	user_default_llm: {'default_models': {'embedding_model': {'api_key': 'xxx', 'base_url': 'http://tei:80'}}}
2026-06-11 20:08:00,036 INFO     64 GET http://es01:9200/ [status:200 duration:0.007s]
2026-06-11 20:08:00,038 INFO     64 HEAD http://es01:9200/ [status:200 duration:0.002s]
2026-06-11 20:08:00,039 INFO     64 Use Elasticsearch http://es01:9200 as the doc engine.
2026-06-11 20:08:00,039 INFO     64 Elasticsearch http://es01:9200 is healthy.
2026-06-11 20:08:00,040 INFO     64 Use Elasticsearch http://es01:9200 as the doc engine.
2026-06-11 20:08:00,040 INFO     64 Elasticsearch http://es01:9200 is healthy.
2026-06-11 20:08:00,044 WARNING  64 Load term.freq FAIL!
2026-06-11 20:08:00,048 WARNING  64 Realtime synonym is disabled, since no redis connection.
2026-06-11 20:08:00,365 WARNING  64 Load term.freq FAIL!
2026-06-11 20:08:00,369 WARNING  64 Realtime synonym is disabled, since no redis connection.
2026-06-11 20:08:00,369 INFO     64 RAGFlow data sync is ready after 14.33314760401845s initialization.
2026-06-11 20:23:36,148 INFO     75 data_sync_0 log path: /ragflow/logs/data_sync_0.log, log levels: {'peewee': 'WARNING', 'pdfminer': 'WARNING', 'root': 'INFO'}
2026-06-11 20:23:36,149 INFO     75 
  _____        _           _____
 |  __ \      | |         / ____|
 | |  | | __ _| |_ __ _  | (___  _   _ _ __   ___
 | |  | |/ _` | __/ _` |  \___ \| | | | '_ \ / __|
 | |__| | (_| | || (_| |  ____) | |_| | | | | (__
 |_____/ \__,_|\__\__,_| |_____/ \__, |_| |_|\___|
                                  __/ |
                                 |___/
    
2026-06-11 20:23:36,149 INFO     75 RAGFlow data sync version: v0.25.6
2026-06-11 20:23:36,150 INFO     75 Current configs, from /ragflow/conf/service_conf.yaml:
	ragflow: {'host': '0.0.0.0', 'http_port': 9380}
	admin: {'host': '0.0.0.0', 'http_port': 9381}
	mysql: {'name': 'rag_flow', 'user': 'root', 'password': '********', 'host': 'mysql', 'port': 3306, 'max_connections': 900, 'stale_timeout': 300, 'max_allowed_packet': 1073741824}
	minio: {'user': 'rag_flow', 'password': '********', 'host': 'minio:9000', 'bucket': '', 'prefix_path': ''}
	es: {'hosts': 'http://es01:9200', 'username': 'elastic', 'password': '********'}
	os: {'hosts': 'http://opensearch01:9201', 'username': 'admin', 'password': '********'}
	infinity: {'uri': 'infinity:23817', 'postgres_port': 5432, 'db_name': 'default_db'}
	oceanbase: {'scheme': 'oceanbase', 'config': {'db_name': 'ragflow_doc', 'user': 'root@ragflow', 'password': 'infini_rag_flow', 'host': 'oceanbase', 'port': 2881}}
	seekdb: {'scheme': 'oceanbase', 'config': {'db_name': 'ragflow_doc', 'user': 'root', 'password': 'infini_rag_flow', 'host': 'seekdb', 'port': 2881}}
	redis: {'db': 1, 'username': '', 'password': '********', 'host': 'redis:6379', 'port': 6379}
	user_default_llm: {'default_models': {'embedding_model': {'api_key': 'xxx', 'base_url': 'http://tei:80'}}}
2026-06-11 20:23:36,159 INFO     75 GET http://es01:9200/ [status:200 duration:0.006s]
2026-06-11 20:23:36,162 INFO     75 HEAD http://es01:9200/ [status:200 duration:0.002s]
2026-06-11 20:23:36,162 INFO     75 Use Elasticsearch http://es01:9200 as the doc engine.
2026-06-11 20:23:36,163 INFO     75 Elasticsearch http://es01:9200 is healthy.
2026-06-11 20:23:36,163 INFO     75 Use Elasticsearch http://es01:9200 as the doc engine.
2026-06-11 20:23:36,163 INFO     75 Elasticsearch http://es01:9200 is healthy.
2026-06-11 20:23:36,172 WARNING  75 Load term.freq FAIL!
2026-06-11 20:23:36,528 WARNING  75 Load term.freq FAIL!
2026-06-11 20:23:36,545 INFO     75 RAGFlow data sync is ready after 15.09992011700524s initialization.
2026-06-13 07:52:21,235 INFO     69 data_sync_0 log path: /ragflow/logs/data_sync_0.log, log levels: {'peewee': 'WARNING', 'pdfminer': 'WARNING', 'root': 'INFO'}
2026-06-13 07:52:21,236 INFO     69 
  _____        _           _____
 |  __ \      | |         / ____|
 | |  | | __ _| |_ __ _  | (___  _   _ _ __   ___
 | |  | |/ _` | __/ _` |  \___ \| | | | '_ \ / __|
 | |__| | (_| | || (_| |  ____) | |_| | | | | (__
 |_____/ \__,_|\__\__,_| |_____/ \__, |_| |_|\___|
                                  __/ |
                                 |___/
    
2026-06-13 07:52:21,237 INFO     69 RAGFlow data sync version: v0.25.6
2026-06-13 07:52:21,237 INFO     69 Current configs, from /ragflow/conf/service_conf.yaml:
	ragflow: {'host': '0.0.0.0', 'http_port': 9380}
	admin: {'host': '0.0.0.0', 'http_port': 9381}
	mysql: {'name': 'rag_flow', 'user': 'root', 'password': '********', 'host': 'mysql', 'port': 3306, 'max_connections': 900, 'stale_timeout': 300, 'max_allowed_packet': 1073741824}
	minio: {'user': 'rag_flow', 'password': '********', 'host': 'minio:9000', 'bucket': '', 'prefix_path': ''}
	es: {'hosts': 'http://es01:9200', 'username': 'elastic', 'password': '********'}
	os: {'hosts': 'http://opensearch01:9201', 'username': 'admin', 'password': '********'}
	infinity: {'uri': 'infinity:23817', 'postgres_port': 5432, 'db_name': 'default_db'}
	oceanbase: {'scheme': 'oceanbase', 'config': {'db_name': 'ragflow_doc', 'user': 'root@ragflow', 'password': 'infini_rag_flow', 'host': 'oceanbase', 'port': 2881}}
	seekdb: {'scheme': 'oceanbase', 'config': {'db_name': 'ragflow_doc', 'user': 'root', 'password': 'infini_rag_flow', 'host': 'seekdb', 'port': 2881}}
	redis: {'db': 1, 'username': '', 'password': '********', 'host': 'redis:6379', 'port': 6379}
	user_default_llm: {'default_models': {'embedding_model': {'api_key': 'xxx', 'base_url': 'http://tei:80'}}}
2026-06-13 07:52:21,247 INFO     69 GET http://es01:9200/ [status:200 duration:0.006s]
2026-06-13 07:52:21,249 INFO     69 HEAD http://es01:9200/ [status:200 duration:0.002s]
2026-06-13 07:52:21,250 INFO     69 Use Elasticsearch http://es01:9200 as the doc engine.
2026-06-13 07:52:21,250 INFO     69 Elasticsearch http://es01:9200 is healthy.
2026-06-13 07:52:21,251 INFO     69 Use Elasticsearch http://es01:9200 as the doc engine.
2026-06-13 07:52:21,251 INFO     69 Elasticsearch http://es01:9200 is healthy.
2026-06-13 07:52:21,255 WARNING  69 Load term.freq FAIL!
2026-06-13 07:52:21,568 WARNING  69 Load term.freq FAIL!
2026-06-13 07:52:21,573 INFO     69 RAGFlow data sync is ready after 14.962267381999993s initialization.
2026-06-14 18:31:28,998 INFO     68 data_sync_0 log path: /ragflow/logs/data_sync_0.log, log levels: {'peewee': 'WARNING', 'pdfminer': 'WARNING', 'root': 'INFO'}
2026-06-14 18:31:28,999 INFO     68 
  _____        _           _____
 |  __ \      | |         / ____|
 | |  | | __ _| |_ __ _  | (___  _   _ _ __   ___
 | |  | |/ _` | __/ _` |  \___ \| | | | '_ \ / __|
 | |__| | (_| | || (_| |  ____) | |_| | | | | (__
 |_____/ \__,_|\__\__,_| |_____/ \__, |_| |_|\___|
                                  __/ |
                                 |___/
    
2026-06-14 18:31:28,999 INFO     68 RAGFlow data sync version: v0.25.6
2026-06-14 18:31:28,999 INFO     68 Current configs, from /ragflow/conf/service_conf.yaml:
	ragflow: {'host': '0.0.0.0', 'http_port': 9380}
	admin: {'host': '0.0.0.0', 'http_port': 9381}
	mysql: {'name': 'rag_flow', 'user': 'root', 'password': '********', 'host': 'mysql', 'port': 3306, 'max_connections': 900, 'stale_timeout': 300, 'max_allowed_packet': 1073741824}
	minio: {'user': 'rag_flow', 'password': '********', 'host': 'minio:9000', 'bucket': '', 'prefix_path': ''}
	es: {'hosts': 'http://es01:9200', 'username': 'elastic', 'password': '********'}
	os: {'hosts': 'http://opensearch01:9201', 'username': 'admin', 'password': '********'}
	infinity: {'uri': 'infinity:23817', 'postgres_port': 5432, 'db_name': 'default_db'}
	oceanbase: {'scheme': 'oceanbase', 'config': {'db_name': 'ragflow_doc', 'user': 'root@ragflow', 'password': 'infini_rag_flow', 'host': 'oceanbase', 'port': 2881}}
	seekdb: {'scheme': 'oceanbase', 'config': {'db_name': 'ragflow_doc', 'user': 'root', 'password': 'infini_rag_flow', 'host': 'seekdb', 'port': 2881}}
	redis: {'db': 1, 'username': '', 'password': '********', 'host': 'redis:6379', 'port': 6379}
	user_default_llm: {'default_models': {'embedding_model': {'api_key': 'xxx', 'base_url': 'http://tei:80'}}}
2026-06-14 18:31:29,006 INFO     68 GET http://es01:9200/ [status:200 duration:0.005s]
2026-06-14 18:31:29,008 INFO     68 HEAD http://es01:9200/ [status:200 duration:0.002s]
2026-06-14 18:31:29,009 INFO     68 Use Elasticsearch http://es01:9200 as the doc engine.
2026-06-14 18:31:29,009 INFO     68 Elasticsearch http://es01:9200 is healthy.
2026-06-14 18:31:29,010 INFO     68 Use Elasticsearch http://es01:9200 as the doc engine.
2026-06-14 18:31:29,010 INFO     68 Elasticsearch http://es01:9200 is healthy.
2026-06-14 18:31:29,012 WARNING  68 Load term.freq FAIL!
2026-06-14 18:31:29,300 WARNING  68 Load term.freq FAIL!
2026-06-14 18:31:29,305 INFO     68 RAGFlow data sync is ready after 14.469677719000003s initialization.
